config_index;segment_index;start_x;start_y;end_x;end_y;length
0;0;0.000000;10.000000;20.000000;10.000000;20.000000
0;1;10.000000;0.000000;10.000000;110.000000;110.000000
0;2;360.000000;10.000000;305.000000;10.000000;55.000000
0;3;360.000000;10.000000;415.000000;10.000000;55.000000
0;4;360.000000;10.000000;360.000000;20.000000;10.000000
0;5;720.000000;10.000000;700.000000;10.000000;20.000000
0;6;710.000000;0.000000;710.000000;110.000000;110.000000
0;7;10.000000;410.000000;20.000000;410.000000;10.000000
0;8;10.000000;410.000000;10.000000;400.000000;10.000000
0;9;10.000000;410.000000;10.000000;420.000000;10.000000
0;10;360.000000;410.000000;510.000000;410.000000;150.000000
0;11;360.000000;410.000000;210.000000;410.000000;150.000000
0;12;360.000000;410.000000;360.000000;450.000000;40.000000
0;13;360.000000;410.000000;360.000000;370.000000;40.000000
0;14;710.000000;410.000000;700.000000;410.000000;10.000000
0;15;710.000000;410.000000;710.000000;420.000000;10.000000
0;16;710.000000;410.000000;710.000000;400.000000;10.000000
0;17;0.000000;810.000000;20.000000;810.000000;20.000000
0;18;10.000000;820.000000;10.000000;710.000000;110.000000
0;19;360.000000;810.000000;415.000000;810.000000;55.000000
0;20;360.000000;810.000000;305.000000;810.000000;55.000000
0;21;360.000000;810.000000;360.000000;800.000000;10.000000
0;22;720.000000;810.000000;700.000000;810.000000;20.000000
0;23;710.000000;820.000000;710.000000;710.000000;110.000000
1;0;0.000000;10.000000;105.000000;10.000000;105.000000
1;1;10.000000;0.000000;10.000000;20.000000;20.000000
1;2;360.000000;10.000000;350.000000;10.000000;10.000000
1;3;360.000000;10.000000;370.000000;10.000000;10.000000
1;4;360.000000;10.000000;360.000000;20.000000;10.000000
1;5;720.000000;10.000000;615.000000;10.000000;105.000000
1;6;710.000000;0.000000;710.000000;20.000000;20.000000
1;7;10.000000;410.000000;20.000000;410.000000;10.000000
1;8;10.000000;410.000000;10.000000;400.000000;10.000000
1;9;10.000000;410.000000;10.000000;420.000000;10.000000
1;10;360.000000;410.000000;370.000000;410.000000;10.000000
1;11;360.000000;410.000000;350.000000;410.000000;10.000000
1;12;360.000000;410.000000;360.000000;425.000000;15.000000
1;13;360.000000;410.000000;360.000000;395.000000;15.000000
1;14;710.000000;410.000000;700.000000;410.000000;10.000000
1;15;710.000000;410.000000;710.000000;420.000000;10.000000
1;16;710.000000;410.000000;710.000000;400.000000;10.000000
1;17;0.000000;810.000000;105.000000;810.000000;105.000000
1;18;10.000000;820.000000;10.000000;800.000000;20.000000
1;19;360.000000;810.000000;370.000000;810.000000;10.000000
1;20;360.000000;810.000000;350.000000;810.000000;10.000000
1;21;360.000000;810.000000;360.000000;800.000000;10.000000
1;22;720.000000;810.000000;615.000000;810.000000;105.000000
1;23;710.000000;820.000000;710.000000;800.000000;20.000000
2;0;0.000000;10.000000;20.000000;10.000000;20.000000
2;1;10.000000;0.000000;10.000000;160.000000;160.000000
2;2;360.000000;10.000000;300.000000;10.000000;60.000000
2;3;360.000000;10.000000;420.000000;10.000000;60.000000
2;4;360.000000;10.000000;360.000000;130.000000;120.000000
2;5;720.000000;10.000000;700.000000;10.000000;20.000000
2;6;710.000000;0.000000;710.000000;160.000000;160.000000
2;7;10.000000;410.000000;145.000000;410.000000;135.000000
2;8;10.000000;410.000000;10.000000;285.000000;125.000000
2;9;10.000000;410.000000;10.000000;535.000000;125.000000
2;10;360.000000;410.000000;370.000000;410.000000;10.000000
2;11;360.000000;410.000000;350.000000;410.000000;10.000000
2;12;360.000000;410.000000;360.000000;420.000000;10.000000
2;13;360.000000;410.000000;360.000000;400.000000;10.000000
2;14;710.000000;410.000000;575.000000;410.000000;135.000000
2;15;710.000000;410.000000;710.000000;535.000000;125.000000
2;16;710.000000;410.000000;710.000000;285.000000;125.000000
2;17;0.000000;810.000000;20.000000;810.000000;20.000000
2;18;10.000000;820.000000;10.000000;660.000000;160.000000
2;19;360.000000;810.000000;420.000000;810.000000;60.000000
2;20;360.000000;810.000000;300.000000;810.000000;60.000000
2;21;360.000000;810.000000;360.000000;690.000000;120.000000
2;22;720.000000;810.000000;700.000000;810.000000;20.000000
2;23;710.000000;820.000000;710.000000;660.000000;160.000000
3;0;0.000000;10.000000;20.000000;10.000000;20.000000
3;1;10.000000;0.000000;10.000000;20.000000;20.000000
3;2;360.000000;10.000000;350.000000;10.000000;10.000000
3;3;360.000000;10.000000;370.000000;10.000000;10.000000
3;4;360.000000;10.000000;360.000000;200.000000;190.000000
3;5;720.000000;10.000000;700.000000;10.000000;20.000000
3;6;710.000000;0.000000;710.000000;20.000000;20.000000
3;7;10.000000;410.000000;140.000000;410.000000;130.000000
3;8;10.000000;410.000000;10.000000;400.000000;10.000000
3;9;10.000000;410.000000;10.000000;420.000000;10.000000
3;10;360.000000;410.000000;370.000000;410.000000;10.000000
3;11;360.000000;410.000000;350.000000;410.000000;10.000000
3;12;360.000000;410.000000;360.000000;495.000000;85.000000
3;13;360.000000;410.000000;360.000000;325.000000;85.000000
3;14;710.000000;410.000000;580.000000;410.000000;130.000000
3;15;710.000000;410.000000;710.000000;420.000000;10.000000
3;16;710.000000;410.000000;710.000000;400.000000;10.000000
3;17;0.000000;810.000000;20.000000;810.000000;20.000000
3;18;10.000000;820.000000;10.000000;800.000000;20.000000
3;19;360.000000;810.000000;370.000000;810.000000;10.000000
3;20;360.000000;810.000000;350.000000;810.000000;10.000000
3;21;360.000000;810.000000;360.000000;620.000000;190.000000
3;22;720.000000;810.000000;700.000000;810.000000;20.000000
3;23;710.000000;820.000000;710.000000;800.000000;20.000000
4;0;0.000000;10.000000;20.000000;10.000000;20.000000
4;1;10.000000;0.000000;10.000000;20.000000;20.000000
4;2;360.000000;10.000000;350.000000;10.000000;10.000000
4;3;360.000000;10.000000;370.000000;10.000000;10.000000
4;4;360.000000;10.000000;360.000000;20.000000;10.000000
4;5;720.000000;10.000000;700.000000;10.000000;20.000000
4;6;710.000000;0.000000;710.000000;20.000000;20.000000
4;7;10.000000;410.000000;170.000000;410.000000;160.000000
4;8;10.000000;410.000000;10.000000;400.000000;10.000000
4;9;10.000000;410.000000;10.000000;420.000000;10.000000
4;10;360.000000;410.000000;490.000000;410.000000;130.000000
4;11;360.000000;410.000000;230.000000;410.000000;130.000000
4;12;360.000000;410.000000;360.000000;510.000000;100.000000
4;13;360.000000;410.000000;360.000000;310.000000;100.000000
4;14;710.000000;410.000000;550.000000;410.000000;160.000000
4;15;710.000000;410.000000;710.000000;420.000000;10.000000
4;16;710.000000;410.000000;710.000000;400.000000;10.000000
4;17;0.000000;810.000000;20.000000;810.000000;20.000000
4;18;10.000000;820.000000;10.000000;800.000000;20.000000
4;19;360.000000;810.000000;370.000000;810.000000;10.000000
4;20;360.000000;810.000000;350.000000;810.000000;10.000000
4;21;360.000000;810.000000;360.000000;800.000000;10.000000
4;22;720.000000;810.000000;700.000000;810.000000;20.000000
4;23;710.000000;820.000000;710.000000;800.000000;20.000000
5;0;0.000000;10.000000;20.000000;10.000000;20.000000
5;1;10.000000;0.000000;10.000000;20.000000;20.000000
5;2;360.000000;10.000000;295.000000;10.000000;65.000000
5;3;360.000000;10.000000;425.000000;10.000000;65.000000
5;4;360.000000;10.000000;360.000000;20.000000;10.000000
5;5;720.000000;10.000000;700.000000;10.000000;20.000000
5;6;710.000000;0.000000;710.000000;20.000000;20.000000
5;7;10.000000;410.000000;170.000000;410.000000;160.000000
5;8;10.000000;410.000000;10.000000;220.000000;190.000000
5;9;10.000000;410.000000;10.000000;600.000000;190.000000
5;10;360.000000;410.000000;475.000000;410.000000;115.000000
5;11;360.000000;410.000000;245.000000;410.000000;115.000000
5;12;360.000000;410.000000;360.000000;420.000000;10.000000
5;13;360.000000;410.000000;360.000000;400.000000;10.000000
5;14;710.000000;410.000000;550.000000;410.000000;160.000000
5;15;710.000000;410.000000;710.000000;600.000000;190.000000
5;16;710.000000;410.000000;710.000000;220.000000;190.000000
5;17;0.000000;810.000000;20.000000;810.000000;20.000000
5;18;10.000000;820.000000;10.000000;800.000000;20.000000
5;19;360.000000;810.000000;425.000000;810.000000;65.000000
5;20;360.000000;810.000000;295.000000;810.000000;65.000000
5;21;360.000000;810.000000;360.000000;800.000000;10.000000
5;22;720.000000;810.000000;700.000000;810.000000;20.000000
5;23;710.000000;820.000000;710.000000;800.000000;20.000000
6;0;0.000000;10.000000;20.000000;10.000000;20.000000
6;1;10.000000;0.000000;10.000000;35.000000;35.000000
6;2;360.000000;10.000000;350.000000;10.000000;10.000000
6;3;360.000000;10.000000;370.000000;10.000000;10.000000
6;4;360.000000;10.000000;360.000000;20.000000;10.000000
6;5;720.000000;10.000000;700.000000;10.000000;20.000000
6;6;710.000000;0.000000;710.000000;35.000000;35.000000
6;7;10.000000;410.000000;125.000000;410.000000;115.000000
6;8;10.000000;410.000000;10.000000;240.000000;170.000000
6;9;10.000000;410.000000;10.000000;580.000000;170.000000
6;10;360.000000;410.000000;520.000000;410.000000;160.000000
6;11;360.000000;410.000000;200.000000;410.000000;160.000000
6;12;360.000000;410.000000;360.000000;465.000000;55.000000
6;13;360.000000;410.000000;360.000000;355.000000;55.000000
6;14;710.000000;410.000000;595.000000;410.000000;115.000000
6;15;710.000000;410.000000;710.000000;580.000000;170.000000
6;16;710.000000;410.000000;710.000000;240.000000;170.000000
6;17;0.000000;810.000000;20.000000;810.000000;20.000000
6;18;10.000000;820.000000;10.000000;785.000000;35.000000
6;19;360.000000;810.000000;370.000000;810.000000;10.000000
6;20;360.000000;810.000000;350.000000;810.000000;10.000000
6;21;360.000000;810.000000;360.000000;800.000000;10.000000
6;22;720.000000;810.000000;700.000000;810.000000;20.000000
6;23;710.000000;820.000000;710.000000;785.000000;35.000000
7;0;0.000000;10.000000;110.000000;10.000000;110.000000
7;1;10.000000;0.000000;10.000000;20.000000;20.000000
7;2;360.000000;10.000000;350.000000;10.000000;10.000000
7;3;360.000000;10.000000;370.000000;10.000000;10.000000
7;4;360.000000;10.000000;360.000000;20.000000;10.000000
7;5;720.000000;10.000000;610.000000;10.000000;110.000000
7;6;710.000000;0.000000;710.000000;20.000000;20.000000
7;7;10.000000;410.000000;20.000000;410.000000;10.000000
7;8;10.000000;410.000000;10.000000;355.000000;55.000000
7;9;10.000000;410.000000;10.000000;465.000000;55.000000
7;10;360.000000;410.000000;370.000000;410.000000;10.000000
7;11;360.000000;410.000000;350.000000;410.000000;10.000000
7;12;360.000000;410.000000;360.000000;440.000000;30.000000
7;13;360.000000;410.000000;360.000000;380.000000;30.000000
7;14;710.000000;410.000000;700.000000;410.000000;10.000000
7;15;710.000000;410.000000;710.000000;465.000000;55.000000
7;16;710.000000;410.000000;710.000000;355.000000;55.000000
7;17;0.000000;810.000000;110.000000;810.000000;110.000000
7;18;10.000000;820.000000;10.000000;800.000000;20.000000
7;19;360.000000;810.000000;370.000000;810.000000;10.000000
7;20;360.000000;810.000000;350.000000;810.000000;10.000000
7;21;360.000000;810.000000;360.000000;800.000000;10.000000
7;22;720.000000;810.000000;610.000000;810.000000;110.000000
7;23;710.000000;820.000000;710.000000;800.000000;20.000000
8;0;0.000000;10.000000;20.000000;10.000000;20.000000
8;1;10.000000;0.000000;10.000000;75.000000;75.000000
8;2;360.000000;10.000000;350.000000;10.000000;10.000000
8;3;360.000000;10.000000;370.000000;10.000000;10.000000
8;4;360.000000;10.000000;360.000000;20.000000;10.000000
8;5;720.000000;10.000000;700.000000;10.000000;20.000000
8;6;710.000000;0.000000;710.000000;75.000000;75.000000
8;7;10.000000;410.000000;145.000000;410.000000;135.000000
8;8;10.000000;410.000000;10.000000;400.000000;10.000000
8;9;10.000000;410.000000;10.000000;420.000000;10.000000
8;10;360.000000;410.000000;370.000000;410.000000;10.000000
8;11;360.000000;410.000000;350.000000;410.000000;10.000000
8;12;360.000000;410.000000;360.000000;600.000000;190.000000
8;13;360.000000;410.000000;360.000000;220.000000;190.000000
8;14;710.000000;410.000000;575.000000;410.000000;135.000000
8;15;710.000000;410.000000;710.000000;420.000000;10.000000
8;16;710.000000;410.000000;710.000000;400.000000;10.000000
8;17;0.000000;810.000000;20.000000;810.000000;20.000000
8;18;10.000000;820.000000;10.000000;745.000000;75.000000
8;19;360.000000;810.000000;370.000000;810.000000;10.000000
8;20;360.000000;810.000000;350.000000;810.000000;10.000000
8;21;360.000000;810.000000;360.000000;800.000000;10.000000
8;22;720.000000;810.000000;700.000000;810.000000;20.000000
8;23;710.000000;820.000000;710.000000;745.000000;75.000000
9;0;0.000000;10.000000;20.000000;10.000000;20.000000
9;1;10.000000;0.000000;10.000000;60.000000;60.000000
9;2;360.000000;10.000000;350.000000;10.000000;10.000000
9;3;360.000000;10.000000;370.000000;10.000000;10.000000
9;4;360.000000;10.000000;360.000000;20.000000;10.000000
9;5;720.000000;10.000000;700.000000;10.000000;20.000000
9;6;710.000000;0.000000;710.000000;60.000000;60.000000
9;7;10.000000;410.000000;130.000000;410.000000;120.000000
9;8;10.000000;410.000000;10.000000;260.000000;150.000000
9;9;10.000000;410.000000;10.000000;560.000000;150.000000
9;10;360.000000;410.000000;375.000000;410.000000;15.000000
9;11;360.000000;410.000000;345.000000;410.000000;15.000000
9;12;360.000000;410.000000;360.000000;420.000000;10.000000
9;13;360.000000;410.000000;360.000000;400.000000;10.000000
9;14;710.000000;410.000000;590.000000;410.000000;120.000000
9;15;710.000000;410.000000;710.000000;560.000000;150.000000
9;16;710.000000;410.000000;710.000000;260.000000;150.000000
9;17;0.000000;810.000000;20.000000;810.000000;20.000000
9;18;10.000000;820.000000;10.000000;760.000000;60.000000
9;19;360.000000;810.000000;370.000000;810.000000;10.000000
9;20;360.000000;810.000000;350.000000;810.000000;10.000000
9;21;360.000000;810.000000;360.000000;800.000000;10.000000
9;22;720.000000;810.000000;700.000000;810.000000;20.000000
9;23;710.000000;820.000000;710.000000;760.000000;60.000000
10;0;0.000000;10.000000;20.000000;10.000000;20.000000
10;1;10.000000;0.000000;10.000000;185.000000;185.000000
10;2;360.000000;10.000000;350.000000;10.000000;10.000000
10;3;360.000000;10.000000;370.000000;10.000000;10.000000
10;4;360.000000;10.000000;360.000000;20.000000;10.000000
10;5;720.000000;10.000000;700.000000;10.000000;20.000000
10;6;710.000000;0.000000;710.000000;185.000000;185.000000
10;7;10.000000;410.000000;120.000000;410.000000;110.000000
10;8;10.000000;410.000000;10.000000;400.000000;10.000000
10;9;10.000000;410.000000;10.000000;420.000000;10.000000
10;10;360.000000;410.000000;370.000000;410.000000;10.000000
10;11;360.000000;410.000000;350.000000;410.000000;10.000000
10;12;360.000000;410.000000;360.000000;540.000000;130.000000
10;13;360.000000;410.000000;360.000000;280.000000;130.000000
10;14;710.000000;410.000000;600.000000;410.000000;110.000000
10;15;710.000000;410.000000;710.000000;420.000000;10.000000
10;16;710.000000;410.000000;710.000000;400.000000;10.000000
10;17;0.000000;810.000000;20.000000;810.000000;20.000000
10;18;10.000000;820.000000;10.000000;635.000000;185.000000
10;19;360.000000;810.000000;370.000000;810.000000;10.000000
10;20;360.000000;810.000000;350.000000;810.000000;10.000000
10;21;360.000000;810.000000;360.000000;800.000000;10.000000
10;22;720.000000;810.000000;700.000000;810.000000;20.000000
10;23;710.000000;820.000000;710.000000;635.000000;185.000000
11;0;0.000000;10.000000;20.000000;10.000000;20.000000
11;1;10.000000;0.000000;10.000000;20.000000;20.000000
11;2;360.000000;10.000000;350.000000;10.000000;10.000000
11;3;360.000000;10.000000;370.000000;10.000000;10.000000
11;4;360.000000;10.000000;360.000000;20.000000;10.000000
11;5;720.000000;10.000000;700.000000;10.000000;20.000000
11;6;710.000000;0.000000;710.000000;20.000000;20.000000
11;7;10.000000;410.000000;125.000000;410.000000;115.000000
11;8;10.000000;410.000000;10.000000;400.000000;10.000000
11;9;10.000000;410.000000;10.000000;420.000000;10.000000
11;10;360.000000;410.000000;490.000000;410.000000;130.000000
11;11;360.000000;410.000000;230.000000;410.000000;130.000000
11;12;360.000000;410.000000;360.000000;420.000000;10.000000
11;13;360.000000;410.000000;360.000000;400.000000;10.000000
11;14;710.000000;410.000000;595.000000;410.000000;115.000000
11;15;710.000000;410.000000;710.000000;420.000000;10.000000
11;16;710.000000;410.000000;710.000000;400.000000;10.000000
11;17;0.000000;810.000000;20.000000;810.000000;20.000000
11;18;10.000000;820.000000;10.000000;800.000000;20.000000
11;19;360.000000;810.000000;370.000000;810.000000;10.000000
11;20;360.000000;810.000000;350.000000;810.000000;10.000000
11;21;360.000000;810.000000;360.000000;800.000000;10.000000
11;22;720.000000;810.000000;700.000000;810.000000;20.000000
11;23;710.000000;820.000000;710.000000;800.000000;20.000000
12;0;0.000000;10.000000;20.000000;10.000000;20.000000
12;1;10.000000;0.000000;10.000000;40.000000;40.000000
12;2;360.000000;10.000000;320.000000;10.000000;40.000000
12;3;360.000000;10.000000;400.000000;10.000000;40.000000
12;4;360.000000;10.000000;360.000000;180.000000;170.000000
12;5;720.000000;10.000000;700.000000;10.000000;20.000000
12;6;710.000000;0.000000;710.000000;40.000000;40.000000
12;7;10.000000;410.000000;20.000000;410.000000;10.000000
12;8;10.000000;410.000000;10.000000;400.000000;10.000000
12;9;10.000000;410.000000;10.000000;420.000000;10.000000
12;10;360.000000;410.000000;370.000000;410.000000;10.000000
12;11;360.000000;410.000000;350.000000;410.000000;10.000000
12;12;360.000000;410.000000;360.000000;575.000000;165.000000
12;13;360.000000;410.000000;360.000000;245.000000;165.000000
12;14;710.000000;410.000000;700.000000;410.000000;10.000000
12;15;710.000000;410.000000;710.000000;420.000000;10.000000
12;16;710.000000;410.000000;710.000000;400.000000;10.000000
12;17;0.000000;810.000000;20.000000;810.000000;20.000000
12;18;10.000000;820.000000;10.000000;780.000000;40.000000
12;19;360.000000;810.000000;400.000000;810.000000;40.000000
12;20;360.000000;810.000000;320.000000;810.000000;40.000000
12;21;360.000000;810.000000;360.000000;640.000000;170.000000
12;22;720.000000;810.000000;700.000000;810.000000;20.000000
12;23;710.000000;820.000000;710.000000;780.000000;40.000000
13;0;0.000000;10.000000;20.000000;10.000000;20.000000
13;1;10.000000;0.000000;10.000000;190.000000;190.000000
13;2;360.000000;10.000000;350.000000;10.000000;10.000000
13;3;360.000000;10.000000;370.000000;10.000000;10.000000
13;4;360.000000;10.000000;360.000000;20.000000;10.000000
13;5;720.000000;10.000000;700.000000;10.000000;20.000000
13;6;710.000000;0.000000;710.000000;190.000000;190.000000
13;7;10.000000;410.000000;85.000000;410.000000;75.000000
13;8;10.000000;410.000000;10.000000;400.000000;10.000000
13;9;10.000000;410.000000;10.000000;420.000000;10.000000
13;10;360.000000;410.000000;490.000000;410.000000;130.000000
13;11;360.000000;410.000000;230.000000;410.000000;130.000000
13;12;360.000000;410.000000;360.000000;420.000000;10.000000
13;13;360.000000;410.000000;360.000000;400.000000;10.000000
13;14;710.000000;410.000000;635.000000;410.000000;75.000000
13;15;710.000000;410.000000;710.000000;420.000000;10.000000
13;16;710.000000;410.000000;710.000000;400.000000;10.000000
13;17;0.000000;810.000000;20.000000;810.000000;20.000000
13;18;10.000000;820.000000;10.000000;630.000000;190.000000
13;19;360.000000;810.000000;370.000000;810.000000;10.000000
13;20;360.000000;810.000000;350.000000;810.000000;10.000000
13;21;360.000000;810.000000;360.000000;800.000000;10.000000
13;22;720.000000;810.000000;700.000000;810.000000;20.000000
13;23;710.000000;820.000000;710.000000;630.000000;190.000000
14;0;0.000000;10.000000;20.000000;10.000000;20.000000
14;1;10.000000;0.000000;10.000000;95.000000;95.000000
14;2;360.000000;10.000000;340.000000;10.000000;20.000000
14;3;360.000000;10.000000;380.000000;10.000000;20.000000
14;4;360.000000;10.000000;360.000000;20.000000;10.000000
14;5;720.000000;10.000000;700.000000;10.000000;20.000000
14;6;710.000000;0.000000;710.000000;95.000000;95.000000
14;7;10.000000;410.000000;95.000000;410.000000;85.000000
14;8;10.000000;410.000000;10.000000;380.000000;30.000000
14;9;10.000000;410.000000;10.000000;440.000000;30.000000
14;10;360.000000;410.000000;385.000000;410.000000;25.000000
14;11;360.000000;410.000000;335.000000;410.000000;25.000000
14;12;360.000000;410.000000;360.000000;420.000000;10.000000
14;13;360.000000;410.000000;360.000000;400.000000;10.000000
14;14;710.000000;410.000000;625.000000;410.000000;85.000000
14;15;710.000000;410.000000;710.000000;440.000000;30.000000
14;16;710.000000;410.000000;710.000000;380.000000;30.000000
14;17;0.000000;810.000000;20.000000;810.000000;20.000000
14;18;10.000000;820.000000;10.000000;725.000000;95.000000
14;19;360.000000;810.000000;380.000000;810.000000;20.000000
14;20;360.000000;810.000000;340.000000;810.000000;20.000000
14;21;360.000000;810.000000;360.000000;800.000000;10.000000
14;22;720.000000;810.000000;700.000000;810.000000;20.000000
14;23;710.000000;820.000000;710.000000;725.000000;95.000000
15;0;0.000000;10.000000;60.000000;10.000000;60.000000
15;1;10.000000;0.000000;10.000000;180.000000;180.000000
15;2;360.000000;10.000000;305.000000;10.000000;55.000000
15;3;360.000000;10.000000;415.000000;10.000000;55.000000
15;4;360.000000;10.000000;360.000000;20.000000;10.000000
15;5;720.000000;10.000000;660.000000;10.000000;60.000000
15;6;710.000000;0.000000;710.000000;180.000000;180.000000
15;7;10.000000;410.000000;20.000000;410.000000;10.000000
15;8;10.000000;410.000000;10.000000;400.000000;10.000000
15;9;10.000000;410.000000;10.000000;420.000000;10.000000
15;10;360.000000;410.000000;525.000000;410.000000;165.000000
15;11;360.000000;410.000000;195.000000;410.000000;165.000000
15;12;360.000000;410.000000;360.000000;420.000000;10.000000
15;13;360.000000;410.000000;360.000000;400.000000;10.000000
15;14;710.000000;410.000000;700.000000;410.000000;10.000000
15;15;710.000000;410.000000;710.000000;420.000000;10.000000
15;16;710.000000;410.000000;710.000000;400.000000;10.000000
15;17;0.000000;810.000000;60.000000;810.000000;60.000000
15;18;10.000000;820.000000;10.000000;640.000000;180.000000
15;19;360.000000;810.000000;415.000000;810.000000;55.000000
15;20;360.000000;810.000000;305.000000;810.000000;55.000000
15;21;360.000000;810.000000;360.000000;800.000000;10.000000
15;22;720.000000;810.000000;660.000000;810.000000;60.000000
15;23;710.000000;820.000000;710.000000;640.000000;180.000000
16;0;0.000000;10.000000;40.000000;10.000000;40.000000
16;1;10.000000;0.000000;10.000000;20.000000;20.000000
16;2;360.000000;10.000000;215.000000;10.000000;145.000000
16;3;360.000000;10.000000;505.000000;10.000000;145.000000
16;4;360.000000;10.000000;360.000000;20.000000;10.000000
16;5;720.000000;10.000000;680.000000;10.000000;40.000000
16;6;710.000000;0.000000;710.000000;20.000000;20.000000
16;7;10.000000;410.000000;20.000000;410.000000;10.000000
16;8;10.000000;410.000000;10.000000;400.000000;10.000000
16;9;10.000000;410.000000;10.000000;420.000000;10.000000
16;10;360.000000;410.000000;370.000000;410.000000;10.000000
16;11;360.000000;410.000000;350.000000;410.000000;10.000000
16;12;360.000000;410.000000;360.000000;550.000000;140.000000
16;13;360.000000;410.000000;360.000000;270.000000;140.000000
16;14;710.000000;410.000000;700.000000;410.000000;10.000000
16;15;710.000000;410.000000;710.000000;420.000000;10.000000
16;16;710.000000;410.000000;710.000000;400.000000;10.000000
16;17;0.000000;810.000000;40.000000;810.000000;40.000000
16;18;10.000000;820.000000;10.000000;800.000000;20.000000
16;19;360.000000;810.000000;505.000000;810.000000;145.000000
16;20;360.000000;810.000000;215.000000;810.000000;145.000000
16;21;360.000000;810.000000;360.000000;800.000000;10.000000
16;22;720.000000;810.000000;680.000000;810.000000;40.000000
16;23;710.000000;820.000000;710.000000;800.000000;20.000000
17;0;0.000000;10.000000;125.000000;10.000000;125.000000
17;1;10.000000;0.000000;10.000000;20.000000;20.000000
17;2;360.000000;10.000000;350.000000;10.000000;10.000000
17;3;360.000000;10.000000;370.000000;10.000000;10.000000
17;4;360.000000;10.000000;360.000000;20.000000;10.000000
17;5;720.000000;10.000000;595.000000;10.000000;125.000000
17;6;710.000000;0.000000;710.000000;20.000000;20.000000
17;7;10.000000;410.000000;20.000000;410.000000;10.000000
17;8;10.000000;410.000000;10.000000;400.000000;10.000000
17;9;10.000000;410.000000;10.000000;420.000000;10.000000
17;10;360.000000;410.000000;530.000000;410.000000;170.000000
17;11;360.000000;410.000000;190.000000;410.000000;170.000000
17;12;360.000000;410.000000;360.000000;420.000000;10.000000
17;13;360.000000;410.000000;360.000000;400.000000;10.000000
17;14;710.000000;410.000000;700.000000;410.000000;10.000000
17;15;710.000000;410.000000;710.000000;420.000000;10.000000
17;16;710.000000;410.000000;710.000000;400.000000;10.000000
17;17;0.000000;810.000000;125.000000;810.000000;125.000000
17;18;10.000000;820.000000;10.000000;800.000000;20.000000
17;19;360.000000;810.000000;370.000000;810.000000;10.000000
17;20;360.000000;810.000000;350.000000;810.000000;10.000000
17;21;360.000000;810.000000;360.000000;800.000000;10.000000
17;22;720.000000;810.000000;595.000000;810.000000;125.000000
17;23;710.000000;820.000000;710.000000;800.000000;20.000000
18;0;0.000000;10.000000;20.000000;10.000000;20.000000
18;1;10.000000;0.000000;10.000000;50.000000;50.000000
18;2;360.000000;10.000000;350.000000;10.000000;10.000000
18;3;360.000000;10.000000;370.000000;10.000000;10.000000
18;4;360.000000;10.000000;360.000000;20.000000;10.000000
18;5;720.000000;10.000000;700.000000;10.000000;20.000000
18;6;710.000000;0.000000;710.000000;50.000000;50.000000
18;7;10.000000;410.000000;20.000000;410.000000;10.000000
18;8;10.000000;410.000000;10.000000;400.000000;10.000000
18;9;10.000000;410.000000;10.000000;420.000000;10.000000
18;10;360.000000;410.000000;475.000000;410.000000;115.000000
18;11;360.000000;410.000000;245.000000;410.000000;115.000000
18;12;360.000000;410.000000;360.000000;550.000000;140.000000
18;13;360.000000;410.000000;360.000000;270.000000;140.000000
18;14;710.000000;410.000000;700.000000;410.000000;10.000000
18;15;710.000000;410.000000;710.000000;420.000000;10.000000
18;16;710.000000;410.000000;710.000000;400.000000;10.000000
18;17;0.000000;810.000000;20.000000;810.000000;20.000000
18;18;10.000000;820.000000;10.000000;770.000000;50.000000
18;19;360.000000;810.000000;370.000000;810.000000;10.000000
18;20;360.000000;810.000000;350.000000;810.000000;10.000000
18;21;360.000000;810.000000;360.000000;800.000000;10.000000
18;22;720.000000;810.000000;700.000000;810.000000;20.000000
18;23;710.000000;820.000000;710.000000;770.000000;50.000000
19;0;0.000000;10.000000;125.000000;10.000000;125.000000
19;1;10.000000;0.000000;10.000000;125.000000;125.000000
19;2;360.000000;10.000000;350.000000;10.000000;10.000000
19;3;360.000000;10.000000;370.000000;10.000000;10.000000
19;4;360.000000;10.000000;360.000000;20.000000;10.000000
19;5;720.000000;10.000000;595.000000;10.000000;125.000000
19;6;710.000000;0.000000;710.000000;125.000000;125.000000
19;7;10.000000;410.000000;55.000000;410.000000;45.000000
19;8;10.000000;410.000000;10.000000;330.000000;80.000000
19;9;10.000000;410.000000;10.000000;490.000000;80.000000
19;10;360.000000;410.000000;370.000000;410.000000;10.000000
19;11;360.000000;410.000000;350.000000;410.000000;10.000000
19;12;360.000000;410.000000;360.000000;535.000000;125.000000
19;13;360.000000;410.000000;360.000000;285.000000;125.000000
19;14;710.000000;410.000000;665.000000;410.000000;45.000000
19;15;710.000000;410.000000;710.000000;490.000000;80.000000
19;16;710.000000;410.000000;710.000000;330.000000;80.000000
19;17;0.000000;810.000000;125.000000;810.000000;125.000000
19;18;10.000000;820.000000;10.000000;695.000000;125.000000
19;19;360.000000;810.000000;370.000000;810.000000;10.000000
19;20;360.000000;810.000000;350.000000;810.000000;10.000000
19;21;360.000000;810.000000;360.000000;800.000000;10.000000
19;22;720.000000;810.000000;595.000000;810.000000;125.000000
19;23;710.000000;820.000000;710.000000;695.000000;125.000000
20;0;0.000000;10.000000;20.000000;10.000000;20.000000
20;1;10.000000;0.000000;10.000000;20.000000;20.000000
20;2;360.000000;10.000000;295.000000;10.000000;65.000000
20;3;360.000000;10.000000;425.000000;10.000000;65.000000
20;4;360.000000;10.000000;360.000000;20.000000;10.000000
20;5;720.000000;10.000000;700.000000;10.000000;20.000000
20;6;710.000000;0.000000;710.000000;20.000000;20.000000
20;7;10.000000;410.000000;20.000000;410.000000;10.000000
20;8;10.000000;410.000000;10.000000;230.000000;180.000000
20;9;10.000000;410.000000;10.000000;590.000000;180.000000
20;10;360.000000;410.000000;470.000000;410.000000;110.000000
20;11;360.000000;410.000000;250.000000;410.000000;110.000000
20;12;360.000000;410.000000;360.000000;420.000000;10.000000
20;13;360.000000;410.000000;360.000000;400.000000;10.000000
20;14;710.000000;410.000000;700.000000;410.000000;10.000000
20;15;710.000000;410.000000;710.000000;590.000000;180.000000
20;16;710.000000;410.000000;710.000000;230.000000;180.000000
20;17;0.000000;810.000000;20.000000;810.000000;20.000000
20;18;10.000000;820.000000;10.000000;800.000000;20.000000
20;19;360.000000;810.000000;425.000000;810.000000;65.000000
20;20;360.000000;810.000000;295.000000;810.000000;65.000000
20;21;360.000000;810.000000;360.000000;800.000000;10.000000
20;22;720.000000;810.000000;700.000000;810.000000;20.000000
20;23;710.000000;820.000000;710.000000;800.000000;20.000000
21;0;0.000000;10.000000;165.000000;10.000000;165.000000
21;1;10.000000;0.000000;10.000000;60.000000;60.000000
21;2;360.000000;10.000000;350.000000;10.000000;10.000000
21;3;360.000000;10.000000;370.000000;10.000000;10.000000
21;4;360.000000;10.000000;360.000000;20.000000;10.000000
21;5;720.000000;10.000000;555.000000;10.000000;165.000000
21;6;710.000000;0.000000;710.000000;60.000000;60.000000
21;7;10.000000;410.000000;115.000000;410.000000;105.000000
21;8;10.000000;410.000000;10.000000;400.000000;10.000000
21;9;10.000000;410.000000;10.000000;420.000000;10.000000
21;10;360.000000;410.000000;370.000000;410.000000;10.000000
21;11;360.000000;410.000000;350.000000;410.000000;10.000000
21;12;360.000000;410.000000;360.000000;505.000000;95.000000
21;13;360.000000;410.000000;360.000000;315.000000;95.000000
21;14;710.000000;410.000000;605.000000;410.000000;105.000000
21;15;710.000000;410.000000;710.000000;420.000000;10.000000
21;16;710.000000;410.000000;710.000000;400.000000;10.000000
21;17;0.000000;810.000000;165.000000;810.000000;165.000000
21;18;10.000000;820.000000;10.000000;760.000000;60.000000
21;19;360.000000;810.000000;370.000000;810.000000;10.000000
21;20;360.000000;810.000000;350.000000;810.000000;10.000000
21;21;360.000000;810.000000;360.000000;800.000000;10.000000
21;22;720.000000;810.000000;555.000000;810.000000;165.000000
21;23;710.000000;820.000000;710.000000;760.000000;60.000000
22;0;0.000000;10.000000;20.000000;10.000000;20.000000
22;1;10.000000;0.000000;10.000000;40.000000;40.000000
22;2;360.000000;10.000000;210.000000;10.000000;150.000000
22;3;360.000000;10.000000;510.000000;10.000000;150.000000
22;4;360.000000;10.000000;360.000000;20.000000;10.000000
22;5;720.000000;10.000000;700.000000;10.000000;20.000000
22;6;710.000000;0.000000;710.000000;40.000000;40.000000
22;7;10.000000;410.000000;130.000000;410.000000;120.000000
22;8;10.000000;410.000000;10.000000;400.000000;10.000000
22;9;10.000000;410.000000;10.000000;420.000000;10.000000
22;10;360.000000;410.000000;370.000000;410.000000;10.000000
22;11;360.000000;410.000000;350.000000;410.000000;10.000000
22;12;360.000000;410.000000;360.000000;565.000000;155.000000
22;13;360.000000;410.000000;360.000000;255.000000;155.000000
22;14;710.000000;410.000000;590.000000;410.000000;120.000000
22;15;710.000000;410.000000;710.000000;420.000000;10.000000
22;16;710.000000;410.000000;710.000000;400.000000;10.000000
22;17;0.000000;810.000000;20.000000;810.000000;20.000000
22;18;10.000000;820.000000;10.000000;780.000000;40.000000
22;19;360.000000;810.000000;510.000000;810.000000;150.000000
22;20;360.000000;810.000000;210.000000;810.000000;150.000000
22;21;360.000000;810.000000;360.000000;800.000000;10.000000
22;22;720.000000;810.000000;700.000000;810.000000;20.000000
22;23;710.000000;820.000000;710.000000;780.000000;40.000000
23;0;0.000000;10.000000;45.000000;10.000000;45.000000
23;1;10.000000;0.000000;10.000000;140.000000;140.000000
23;2;360.000000;10.000000;350.000000;10.000000;10.000000
23;3;360.000000;10.000000;370.000000;10.000000;10.000000
23;4;360.000000;10.000000;360.000000;20.000000;10.000000
23;5;720.000000;10.000000;675.000000;10.000000;45.000000
23;6;710.000000;0.000000;710.000000;140.000000;140.000000
23;7;10.000000;410.000000;20.000000;410.000000;10.000000
23;8;10.000000;410.000000;10.000000;400.000000;10.000000
23;9;10.000000;410.000000;10.000000;420.000000;10.000000
23;10;360.000000;410.000000;450.000000;410.000000;90.000000
23;11;360.000000;410.000000;270.000000;410.000000;90.000000
23;12;360.000000;410.000000;360.000000;420.000000;10.000000
23;13;360.000000;410.000000;360.000000;400.000000;10.000000
23;14;710.000000;410.000000;700.000000;410.000000;10.000000
23;15;710.000000;410.000000;710.000000;420.000000;10.000000
23;16;710.000000;410.000000;710.000000;400.000000;10.000000
23;17;0.000000;810.000000;45.000000;810.000000;45.000000
23;18;10.000000;820.000000;10.000000;680.000000;140.000000
23;19;360.000000;810.000000;370.000000;810.000000;10.000000
23;20;360.000000;810.000000;350.000000;810.000000;10.000000
23;21;360.000000;810.000000;360.000000;800.000000;10.000000
23;22;720.000000;810.000000;675.000000;810.000000;45.000000
23;23;710.000000;820.000000;710.000000;680.000000;140.000000
24;0;0.000000;10.000000;20.000000;10.000000;20.000000
24;1;10.000000;0.000000;10.000000;130.000000;130.000000
24;2;360.000000;10.000000;350.000000;10.000000;10.000000
24;3;360.000000;10.000000;370.000000;10.000000;10.000000
24;4;360.000000;10.000000;360.000000;20.000000;10.000000
24;5;720.000000;10.000000;700.000000;10.000000;20.000000
24;6;710.000000;0.000000;710.000000;130.000000;130.000000
24;7;10.000000;410.000000;20.000000;410.000000;10.000000
24;8;10.000000;410.000000;10.000000;400.000000;10.000000
24;9;10.000000;410.000000;10.000000;420.000000;10.000000
24;10;360.000000;410.000000;425.000000;410.000000;65.000000
24;11;360.000000;410.000000;295.000000;410.000000;65.000000
24;12;360.000000;410.000000;360.000000;420.000000;10.000000
24;13;360.000000;410.000000;360.000000;400.000000;10.000000
24;14;710.000000;410.000000;700.000000;410.000000;10.000000
24;15;710.000000;410.000000;710.000000;420.000000;10.000000
24;16;710.000000;410.000000;710.000000;400.000000;10.000000
24;17;0.000000;810.000000;20.000000;810.000000;20.000000
24;18;10.000000;820.000000;10.000000;690.000000;130.000000
24;19;360.000000;810.000000;370.000000;810.000000;10.000000
24;20;360.000000;810.000000;350.000000;810.000000;10.000000
24;21;360.000000;810.000000;360.000000;800.000000;10.000000
24;22;720.000000;810.000000;700.000000;810.000000;20.000000
24;23;710.000000;820.000000;710.000000;690.000000;130.000000
25;0;0.000000;10.000000;125.000000;10.000000;125.000000
25;1;10.000000;0.000000;10.000000;20.000000;20.000000
25;2;360.000000;10.000000;350.000000;10.000000;10.000000
25;3;360.000000;10.000000;370.000000;10.000000;10.000000
25;4;360.000000;10.000000;360.000000;20.000000;10.000000
25;5;720.000000;10.000000;595.000000;10.000000;125.000000
25;6;710.000000;0.000000;710.000000;20.000000;20.000000
25;7;10.000000;410.000000;30.000000;410.000000;20.000000
25;8;10.000000;410.000000;10.000000;315.000000;95.000000
25;9;10.000000;410.000000;10.000000;505.000000;95.000000
25;10;360.000000;410.000000;455.000000;410.000000;95.000000
25;11;360.000000;410.000000;265.000000;410.000000;95.000000
25;12;360.000000;410.000000;360.000000;560.000000;150.000000
25;13;360.000000;410.000000;360.000000;260.000000;150.000000
25;14;710.000000;410.000000;690.000000;410.000000;20.000000
25;15;710.000000;410.000000;710.000000;505.000000;95.000000
25;16;710.000000;410.000000;710.000000;315.000000;95.000000
25;17;0.000000;810.000000;125.000000;810.000000;125.000000
25;18;10.000000;820.000000;10.000000;800.000000;20.000000
25;19;360.000000;810.000000;370.000000;810.000000;10.000000
25;20;360.000000;810.000000;350.000000;810.000000;10.000000
25;21;360.000000;810.000000;360.000000;800.000000;10.000000
25;22;720.000000;810.000000;595.000000;810.000000;125.000000
25;23;710.000000;820.000000;710.000000;800.000000;20.000000
26;0;0.000000;10.000000;150.000000;10.000000;150.000000
26;1;10.000000;0.000000;10.000000;185.000000;185.000000
26;2;360.000000;10.000000;285.000000;10.000000;75.000000
26;3;360.000000;10.000000;435.000000;10.000000;75.000000
26;4;360.000000;10.000000;360.000000;160.000000;150.000000
26;5;720.000000;10.000000;570.000000;10.000000;150.000000
26;6;710.000000;0.000000;710.000000;185.000000;185.000000
26;7;10.000000;410.000000;85.000000;410.000000;75.000000
26;8;10.000000;410.000000;10.000000;375.000000;35.000000
26;9;10.000000;410.000000;10.000000;445.000000;35.000000
26;10;360.000000;410.000000;370.000000;410.000000;10.000000
26;11;360.000000;410.000000;350.000000;410.000000;10.000000
26;12;360.000000;410.000000;360.000000;420.000000;10.000000
26;13;360.000000;410.000000;360.000000;400.000000;10.000000
26;14;710.000000;410.000000;635.000000;410.000000;75.000000
26;15;710.000000;410.000000;710.000000;445.000000;35.000000
26;16;710.000000;410.000000;710.000000;375.000000;35.000000
26;17;0.000000;810.000000;150.000000;810.000000;150.000000
26;18;10.000000;820.000000;10.000000;635.000000;185.000000
26;19;360.000000;810.000000;435.000000;810.000000;75.000000
26;20;360.000000;810.000000;285.000000;810.000000;75.000000
26;21;360.000000;810.000000;360.000000;660.000000;150.000000
26;22;720.000000;810.000000;570.000000;810.000000;150.000000
26;23;710.000000;820.000000;710.000000;635.000000;185.000000
27;0;0.000000;10.000000;20.000000;10.000000;20.000000
27;1;10.000000;0.000000;10.000000;20.000000;20.000000
27;2;360.000000;10.000000;250.000000;10.000000;110.000000
27;3;360.000000;10.000000;470.000000;10.000000;110.000000
27;4;360.000000;10.000000;360.000000;20.000000;10.000000
27;5;720.000000;10.000000;700.000000;10.000000;20.000000
27;6;710.000000;0.000000;710.000000;20.000000;20.000000
27;7;10.000000;410.000000;20.000000;410.000000;10.000000
27;8;10.000000;410.000000;10.000000;305.000000;105.000000
27;9;10.000000;410.000000;10.000000;515.000000;105.000000
27;10;360.000000;410.000000;370.000000;410.000000;10.000000
27;11;360.000000;410.000000;350.000000;410.000000;10.000000
27;12;360.000000;410.000000;360.000000;545.000000;135.000000
27;13;360.000000;410.000000;360.000000;275.000000;135.000000
27;14;710.000000;410.000000;700.000000;410.000000;10.000000
27;15;710.000000;410.000000;710.000000;515.000000;105.000000
27;16;710.000000;410.000000;710.000000;305.000000;105.000000
27;17;0.000000;810.000000;20.000000;810.000000;20.000000
27;18;10.000000;820.000000;10.000000;800.000000;20.000000
27;19;360.000000;810.000000;470.000000;810.000000;110.000000
27;20;360.000000;810.000000;250.000000;810.000000;110.000000
27;21;360.000000;810.000000;360.000000;800.000000;10.000000
27;22;720.000000;810.000000;700.000000;810.000000;20.000000
27;23;710.000000;820.000000;710.000000;800.000000;20.000000
28;0;0.000000;10.000000;20.000000;10.000000;20.000000
28;1;10.000000;0.000000;10.000000;20.000000;20.000000
28;2;360.000000;10.000000;350.000000;10.000000;10.000000
28;3;360.000000;10.000000;370.000000;10.000000;10.000000
28;4;360.000000;10.000000;360.000000;200.000000;190.000000
28;5;720.000000;10.000000;700.000000;10.000000;20.000000
28;6;710.000000;0.000000;710.000000;20.000000;20.000000
28;7;10.000000;410.000000;20.000000;410.000000;10.000000
28;8;10.000000;410.000000;10.000000;330.000000;80.000000
28;9;10.000000;410.000000;10.000000;490.000000;80.000000
28;10;360.000000;410.000000;370.000000;410.000000;10.000000
28;11;360.000000;410.000000;350.000000;410.000000;10.000000
28;12;360.000000;410.000000;360.000000;420.000000;10.000000
28;13;360.000000;410.000000;360.000000;400.000000;10.000000
28;14;710.000000;410.000000;700.000000;410.000000;10.000000
28;15;710.000000;410.000000;710.000000;490.000000;80.000000
28;16;710.000000;410.000000;710.000000;330.000000;80.000000
28;17;0.000000;810.000000;20.000000;810.000000;20.000000
28;18;10.000000;820.000000;10.000000;800.000000;20.000000
28;19;360.000000;810.000000;370.000000;810.000000;10.000000
28;20;360.000000;810.000000;350.000000;810.000000;10.000000
28;21;360.000000;810.000000;360.000000;620.000000;190.000000
28;22;720.000000;810.000000;700.000000;810.000000;20.000000
28;23;710.000000;820.000000;710.000000;800.000000;20.000000
29;0;0.000000;10.000000;20.000000;10.000000;20.000000
29;1;10.000000;0.000000;10.000000;20.000000;20.000000
29;2;360.000000;10.000000;350.000000;10.000000;10.000000
29;3;360.000000;10.000000;370.000000;10.000000;10.000000
29;4;360.000000;10.000000;360.000000;175.000000;165.000000
29;5;720.000000;10.000000;700.000000;10.000000;20.000000
29;6;710.000000;0.000000;710.000000;20.000000;20.000000
29;7;10.000000;410.000000;20.000000;410.000000;10.000000
29;8;10.000000;410.000000;10.000000;400.000000;10.000000
29;9;10.000000;410.000000;10.000000;420.000000;10.000000
29;10;360.000000;410.000000;370.000000;410.000000;10.000000
29;11;360.000000;410.000000;350.000000;410.000000;10.000000
29;12;360.000000;410.000000;360.000000;420.000000;10.000000
29;13;360.000000;410.000000;360.000000;400.000000;10.000000
29;14;710.000000;410.000000;700.000000;410.000000;10.000000
29;15;710.000000;410.000000;710.000000;420.000000;10.000000
29;16;710.000000;410.000000;710.000000;400.000000;10.000000
29;17;0.000000;810.000000;20.000000;810.000000;20.000000
29;18;10.000000;820.000000;10.000000;800.000000;20.000000
29;19;360.000000;810.000000;370.000000;810.000000;10.000000
29;20;360.000000;810.000000;350.000000;810.000000;10.000000
29;21;360.000000;810.000000;360.000000;645.000000;165.000000
29;22;720.000000;810.000000;700.000000;810.000000;20.000000
29;23;710.000000;820.000000;710.000000;800.000000;20.000000
30;0;0.000000;10.000000;130.000000;10.000000;130.000000
30;1;10.000000;0.000000;10.000000;20.000000;20.000000
30;2;360.000000;10.000000;270.000000;10.000000;90.000000
30;3;360.000000;10.000000;450.000000;10.000000;90.000000
30;4;360.000000;10.000000;360.000000;20.000000;10.000000
30;5;720.000000;10.000000;590.000000;10.000000;130.000000
30;6;710.000000;0.000000;710.000000;20.000000;20.000000
30;7;10.000000;410.000000;85.000000;410.000000;75.000000
30;8;10.000000;410.000000;10.000000;385.000000;25.000000
30;9;10.000000;410.000000;10.000000;435.000000;25.000000
30;10;360.000000;410.000000;525.000000;410.000000;165.000000
30;11;360.000000;410.000000;195.000000;410.000000;165.000000
30;12;360.000000;410.000000;360.000000;420.000000;10.000000
30;13;360.000000;410.000000;360.000000;400.000000;10.000000
30;14;710.000000;410.000000;635.000000;410.000000;75.000000
30;15;710.000000;410.000000;710.000000;435.000000;25.000000
30;16;710.000000;410.000000;710.000000;385.000000;25.000000
30;17;0.000000;810.000000;130.000000;810.000000;130.000000
30;18;10.000000;820.000000;10.000000;800.000000;20.000000
30;19;360.000000;810.000000;450.000000;810.000000;90.000000
30;20;360.000000;810.000000;270.000000;810.000000;90.000000
30;21;360.000000;810.000000;360.000000;800.000000;10.000000
30;22;720.000000;810.000000;590.000000;810.000000;130.000000
30;23;710.000000;820.000000;710.000000;800.000000;20.000000
31;0;0.000000;10.000000;20.000000;10.000000;20.000000
31;1;10.000000;0.000000;10.000000;20.000000;20.000000
31;2;360.000000;10.000000;350.000000;10.000000;10.000000
31;3;360.000000;10.000000;370.000000;10.000000;10.000000
31;4;360.000000;10.000000;360.000000;20.000000;10.000000
31;5;720.000000;10.000000;700.000000;10.000000;20.000000
31;6;710.000000;0.000000;710.000000;20.000000;20.000000
31;7;10.000000;410.000000;20.000000;410.000000;10.000000
31;8;10.000000;410.000000;10.000000;270.000000;140.000000
31;9;10.000000;410.000000;10.000000;550.000000;140.000000
31;10;360.000000;410.000000;375.000000;410.000000;15.000000
31;11;360.000000;410.000000;345.000000;410.000000;15.000000
31;12;360.000000;410.000000;360.000000;420.000000;10.000000
31;13;360.000000;410.000000;360.000000;400.000000;10.000000
31;14;710.000000;410.000000;700.000000;410.000000;10.000000
31;15;710.000000;410.000000;710.000000;550.000000;140.000000
31;16;710.000000;410.000000;710.000000;270.000000;140.000000
31;17;0.000000;810.000000;20.000000;810.000000;20.000000
31;18;10.000000;820.000000;10.000000;800.000000;20.000000
31;19;360.000000;810.000000;370.000000;810.000000;10.000000
31;20;360.000000;810.000000;350.000000;810.000000;10.000000
31;21;360.000000;810.000000;360.000000;800.000000;10.000000
31;22;720.000000;810.000000;700.000000;810.000000;20.000000
31;23;710.000000;820.000000;710.000000;800.000000;20.000000
32;0;0.000000;10.000000;20.000000;10.000000;20.000000
32;1;10.000000;0.000000;10.000000;20.000000;20.000000
32;2;360.000000;10.000000;350.000000;10.000000;10.000000
32;3;360.000000;10.000000;370.000000;10.000000;10.000000
32;4;360.000000;10.000000;360.000000;190.000000;180.000000
32;5;720.000000;10.000000;700.000000;10.000000;20.000000
32;6;710.000000;0.000000;710.000000;20.000000;20.000000
32;7;10.000000;410.000000;20.000000;410.000000;10.000000
32;8;10.000000;410.000000;10.000000;400.000000;10.000000
32;9;10.000000;410.000000;10.000000;420.000000;10.000000
32;10;360.000000;410.000000;370.000000;410.000000;10.000000
32;11;360.000000;410.000000;350.000000;410.000000;10.000000
32;12;360.000000;410.000000;360.000000;465.000000;55.000000
32;13;360.000000;410.000000;360.000000;355.000000;55.000000
32;14;710.000000;410.000000;700.000000;410.000000;10.000000
32;15;710.000000;410.000000;710.000000;420.000000;10.000000
32;16;710.000000;410.000000;710.000000;400.000000;10.000000
32;17;0.000000;810.000000;20.000000;810.000000;20.000000
32;18;10.000000;820.000000;10.000000;800.000000;20.000000
32;19;360.000000;810.000000;370.000000;810.000000;10.000000
32;20;360.000000;810.000000;350.000000;810.000000;10.000000
32;21;360.000000;810.000000;360.000000;630.000000;180.000000
32;22;720.000000;810.000000;700.000000;810.000000;20.000000
32;23;710.000000;820.000000;710.000000;800.000000;20.000000
33;0;0.000000;10.000000;20.000000;10.000000;20.000000
33;1;10.000000;0.000000;10.000000;20.000000;20.000000
33;2;360.000000;10.000000;350.000000;10.000000;10.000000
33;3;360.000000;10.000000;370.000000;10.000000;10.000000
33;4;360.000000;10.000000;360.000000;20.000000;10.000000
33;5;720.000000;10.000000;700.000000;10.000000;20.000000
33;6;710.000000;0.000000;710.000000;20.000000;20.000000
33;7;10.000000;410.000000;20.000000;410.000000;10.000000
33;8;10.000000;410.000000;10.000000;400.000000;10.000000
33;9;10.000000;410.000000;10.000000;420.000000;10.000000
33;10;360.000000;410.000000;450.000000;410.000000;90.000000
33;11;360.000000;410.000000;270.000000;410.000000;90.000000
33;12;360.000000;410.000000;360.000000;420.000000;10.000000
33;13;360.000000;410.000000;360.000000;400.000000;10.000000
33;14;710.000000;410.000000;700.000000;410.000000;10.000000
33;15;710.000000;410.000000;710.000000;420.000000;10.000000
33;16;710.000000;410.000000;710.000000;400.000000;10.000000
33;17;0.000000;810.000000;20.000000;810.000000;20.000000
33;18;10.000000;820.000000;10.000000;800.000000;20.000000
33;19;360.000000;810.000000;370.000000;810.000000;10.000000
33;20;360.000000;810.000000;350.000000;810.000000;10.000000
33;21;360.000000;810.000000;360.000000;800.000000;10.000000
33;22;720.000000;810.000000;700.000000;810.000000;20.000000
33;23;710.000000;820.000000;710.000000;800.000000;20.000000
34;0;0.000000;10.000000;145.000000;10.000000;145.000000
34;1;10.000000;0.000000;10.000000;20.000000;20.000000
34;2;360.000000;10.000000;350.000000;10.000000;10.000000
34;3;360.000000;10.000000;370.000000;10.000000;10.000000
34;4;360.000000;10.000000;360.000000;45.000000;35.000000
34;5;720.000000;10.000000;575.000000;10.000000;145.000000
34;6;710.000000;0.000000;710.000000;20.000000;20.000000
34;7;10.000000;410.000000;20.000000;410.000000;10.000000
34;8;10.000000;410.000000;10.000000;290.000000;120.000000
34;9;10.000000;410.000000;10.000000;530.000000;120.000000
34;10;360.000000;410.000000;400.000000;410.000000;40.000000
34;11;360.000000;410.000000;320.000000;410.000000;40.000000
34;12;360.000000;410.000000;360.000000;495.000000;85.000000
34;13;360.000000;410.000000;360.000000;325.000000;85.000000
34;14;710.000000;410.000000;700.000000;410.000000;10.000000
34;15;710.000000;410.000000;710.000000;530.000000;120.000000
34;16;710.000000;410.000000;710.000000;290.000000;120.000000
34;17;0.000000;810.000000;145.000000;810.000000;145.000000
34;18;10.000000;820.000000;10.000000;800.000000;20.000000
34;19;360.000000;810.000000;370.000000;810.000000;10.000000
34;20;360.000000;810.000000;350.000000;810.000000;10.000000
34;21;360.000000;810.000000;360.000000;775.000000;35.000000
34;22;720.000000;810.000000;575.000000;810.000000;145.000000
34;23;710.000000;820.000000;710.000000;800.000000;20.000000
35;0;0.000000;10.000000;45.000000;10.000000;45.000000
35;1;10.000000;0.000000;10.000000;20.000000;20.000000
35;2;360.000000;10.000000;215.000000;10.000000;145.000000
35;3;360.000000;10.000000;505.000000;10.000000;145.000000
35;4;360.000000;10.000000;360.000000;170.000000;160.000000
35;5;720.000000;10.000000;675.000000;10.000000;45.000000
35;6;710.000000;0.000000;710.000000;20.000000;20.000000
35;7;10.000000;410.000000;20.000000;410.000000;10.000000
35;8;10.000000;410.000000;10.000000;265.000000;145.000000
35;9;10.000000;410.000000;10.000000;555.000000;145.000000
35;10;360.000000;410.000000;380.000000;410.000000;20.000000
35;11;360.000000;410.000000;340.000000;410.000000;20.000000
35;12;360.000000;410.000000;360.000000;420.000000;10.000000
35;13;360.000000;410.000000;360.000000;400.000000;10.000000
35;14;710.000000;410.000000;700.000000;410.000000;10.000000
35;15;710.000000;410.000000;710.000000;555.000000;145.000000
35;16;710.000000;410.000000;710.000000;265.000000;145.000000
35;17;0.000000;810.000000;45.000000;810.000000;45.000000
35;18;10.000000;820.000000;10.000000;800.000000;20.000000
35;19;360.000000;810.000000;505.000000;810.000000;145.000000
35;20;360.000000;810.000000;215.000000;810.000000;145.000000
35;21;360.000000;810.000000;360.000000;650.000000;160.000000
35;22;720.000000;810.000000;675.000000;810.000000;45.000000
35;23;710.000000;820.000000;710.000000;800.000000;20.000000
36;0;0.000000;10.000000;20.000000;10.000000;20.000000
36;1;10.000000;0.000000;10.000000;20.000000;20.000000
36;2;360.000000;10.000000;275.000000;10.000000;85.000000
36;3;360.000000;10.000000;445.000000;10.000000;85.000000
36;4;360.000000;10.000000;360.000000;180.000000;170.000000
36;5;720.000000;10.000000;700.000000;10.000000;20.000000
36;6;710.000000;0.000000;710.000000;20.000000;20.000000
36;7;10.000000;410.000000;130.000000;410.000000;120.000000
36;8;10.000000;410.000000;10.000000;400.000000;10.000000
36;9;10.000000;410.000000;10.000000;420.000000;10.000000
36;10;360.000000;410.000000;370.000000;410.000000;10.000000
36;11;360.000000;410.000000;350.000000;410.000000;10.000000
36;12;360.000000;410.000000;360.000000;420.000000;10.000000
36;13;360.000000;410.000000;360.000000;400.000000;10.000000
36;14;710.000000;410.000000;590.000000;410.000000;120.000000
36;15;710.000000;410.000000;710.000000;420.000000;10.000000
36;16;710.000000;410.000000;710.000000;400.000000;10.000000
36;17;0.000000;810.000000;20.000000;810.000000;20.000000
36;18;10.000000;820.000000;10.000000;800.000000;20.000000
36;19;360.000000;810.000000;445.000000;810.000000;85.000000
36;20;360.000000;810.000000;275.000000;810.000000;85.000000
36;21;360.000000;810.000000;360.000000;640.000000;170.000000
36;22;720.000000;810.000000;700.000000;810.000000;20.000000
36;23;710.000000;820.000000;710.000000;800.000000;20.000000
37;0;0.000000;10.000000;20.000000;10.000000;20.000000
37;1;10.000000;0.000000;10.000000;20.000000;20.000000
37;2;360.000000;10.000000;350.000000;10.000000;10.000000
37;3;360.000000;10.000000;370.000000;10.000000;10.000000
37;4;360.000000;10.000000;360.000000;20.000000;10.000000
37;5;720.000000;10.000000;700.000000;10.000000;20.000000
37;6;710.000000;0.000000;710.000000;20.000000;20.000000
37;7;10.000000;410.000000;20.000000;410.000000;10.000000
37;8;10.000000;410.000000;10.000000;400.000000;10.000000
37;9;10.000000;410.000000;10.000000;420.000000;10.000000
37;10;360.000000;410.000000;370.000000;410.000000;10.000000
37;11;360.000000;410.000000;350.000000;410.000000;10.000000
37;12;360.000000;410.000000;360.000000;560.000000;150.000000
37;13;360.000000;410.000000;360.000000;260.000000;150.000000
37;14;710.000000;410.000000;700.000000;410.000000;10.000000
37;15;710.000000;410.000000;710.000000;420.000000;10.000000
37;16;710.000000;410.000000;710.000000;400.000000;10.000000
37;17;0.000000;810.000000;20.000000;810.000000;20.000000
37;18;10.000000;820.000000;10.000000;800.000000;20.000000
37;19;360.000000;810.000000;370.000000;810.000000;10.000000
37;20;360.000000;810.000000;350.000000;810.000000;10.000000
37;21;360.000000;810.000000;360.000000;800.000000;10.000000
37;22;720.000000;810.000000;700.000000;810.000000;20.000000
37;23;710.000000;820.000000;710.000000;800.000000;20.000000
38;0;0.000000;10.000000;95.000000;10.000000;95.000000
38;1;10.000000;0.000000;10.000000;105.000000;105.000000
38;2;360.000000;10.000000;280.000000;10.000000;80.000000
38;3;360.000000;10.000000;440.000000;10.000000;80.000000
38;4;360.000000;10.000000;360.000000;20.000000;10.000000
38;5;720.000000;10.000000;625.000000;10.000000;95.000000
38;6;710.000000;0.000000;710.000000;105.000000;105.000000
38;7;10.000000;410.000000;145.000000;410.000000;135.000000
38;8;10.000000;410.000000;10.000000;265.000000;145.000000
38;9;10.000000;410.000000;10.000000;555.000000;145.000000
38;10;360.000000;410.000000;400.000000;410.000000;40.000000
38;11;360.000000;410.000000;320.000000;410.000000;40.000000
38;12;360.000000;410.000000;360.000000;420.000000;10.000000
38;13;360.000000;410.000000;360.000000;400.000000;10.000000
38;14;710.000000;410.000000;575.000000;410.000000;135.000000
38;15;710.000000;410.000000;710.000000;555.000000;145.000000
38;16;710.000000;410.000000;710.000000;265.000000;145.000000
38;17;0.000000;810.000000;95.000000;810.000000;95.000000
38;18;10.000000;820.000000;10.000000;715.000000;105.000000
38;19;360.000000;810.000000;440.000000;810.000000;80.000000
38;20;360.000000;810.000000;280.000000;810.000000;80.000000
38;21;360.000000;810.000000;360.000000;800.000000;10.000000
38;22;720.000000;810.000000;625.000000;810.000000;95.000000
38;23;710.000000;820.000000;710.000000;715.000000;105.000000
39;0;0.000000;10.000000;20.000000;10.000000;20.000000
39;1;10.000000;0.000000;10.000000;135.000000;135.000000
39;2;360.000000;10.000000;325.000000;10.000000;35.000000
39;3;360.000000;10.000000;395.000000;10.000000;35.000000
39;4;360.000000;10.000000;360.000000;20.000000;10.000000
39;5;720.000000;10.000000;700.000000;10.000000;20.000000
39;6;710.000000;0.000000;710.000000;135.000000;135.000000
39;7;10.000000;410.000000;20.000000;410.000000;10.000000
39;8;10.000000;410.000000;10.000000;400.000000;10.000000
39;9;10.000000;410.000000;10.000000;420.000000;10.000000
39;10;360.000000;410.000000;370.000000;410.000000;10.000000
39;11;360.000000;410.000000;350.000000;410.000000;10.000000
39;12;360.000000;410.000000;360.000000;430.000000;20.000000
39;13;360.000000;410.000000;360.000000;390.000000;20.000000
39;14;710.000000;410.000000;700.000000;410.000000;10.000000
39;15;710.000000;410.000000;710.000000;420.000000;10.000000
39;16;710.000000;410.000000;710.000000;400.000000;10.000000
39;17;0.000000;810.000000;20.000000;810.000000;20.000000
39;18;10.000000;820.000000;10.000000;685.000000;135.000000
39;19;360.000000;810.000000;395.000000;810.000000;35.000000
39;20;360.000000;810.000000;325.000000;810.000000;35.000000
39;21;360.000000;810.000000;360.000000;800.000000;10.000000
39;22;720.000000;810.000000;700.000000;810.000000;20.000000
39;23;710.000000;820.000000;710.000000;685.000000;135.000000
40;0;0.000000;10.000000;20.000000;10.000000;20.000000
40;1;10.000000;0.000000;10.000000;175.000000;175.000000
40;2;360.000000;10.000000;350.000000;10.000000;10.000000
40;3;360.000000;10.000000;370.000000;10.000000;10.000000
40;4;360.000000;10.000000;360.000000;20.000000;10.000000
40;5;720.000000;10.000000;700.000000;10.000000;20.000000
40;6;710.000000;0.000000;710.000000;175.000000;175.000000
40;7;10.000000;410.000000;105.000000;410.000000;95.000000
40;8;10.000000;410.000000;10.000000;400.000000;10.000000
40;9;10.000000;410.000000;10.000000;420.000000;10.000000
40;10;360.000000;410.000000;410.000000;410.000000;50.000000
40;11;360.000000;410.000000;310.000000;410.000000;50.000000
40;12;360.000000;410.000000;360.000000;420.000000;10.000000
40;13;360.000000;410.000000;360.000000;400.000000;10.000000
40;14;710.000000;410.000000;615.000000;410.000000;95.000000
40;15;710.000000;410.000000;710.000000;420.000000;10.000000
40;16;710.000000;410.000000;710.000000;400.000000;10.000000
40;17;0.000000;810.000000;20.000000;810.000000;20.000000
40;18;10.000000;820.000000;10.000000;645.000000;175.000000
40;19;360.000000;810.000000;370.000000;810.000000;10.000000
40;20;360.000000;810.000000;350.000000;810.000000;10.000000
40;21;360.000000;810.000000;360.000000;800.000000;10.000000
40;22;720.000000;810.000000;700.000000;810.000000;20.000000
40;23;710.000000;820.000000;710.000000;645.000000;175.000000
41;0;0.000000;10.000000;70.000000;10.000000;70.000000
41;1;10.000000;0.000000;10.000000;30.000000;30.000000
41;2;360.000000;10.000000;350.000000;10.000000;10.000000
41;3;360.000000;10.000000;370.000000;10.000000;10.000000
41;4;360.000000;10.000000;360.000000;20.000000;10.000000
41;5;720.000000;10.000000;650.000000;10.000000;70.000000
41;6;710.000000;0.000000;710.000000;30.000000;30.000000
41;7;10.000000;410.000000;20.000000;410.000000;10.000000
41;8;10.000000;410.000000;10.000000;335.000000;75.000000
41;9;10.000000;410.000000;10.000000;485.000000;75.000000
41;10;360.000000;410.000000;450.000000;410.000000;90.000000
41;11;360.000000;410.000000;270.000000;410.000000;90.000000
41;12;360.000000;410.000000;360.000000;520.000000;110.000000
41;13;360.000000;410.000000;360.000000;300.000000;110.000000
41;14;710.000000;410.000000;700.000000;410.000000;10.000000
41;15;710.000000;410.000000;710.000000;485.000000;75.000000
41;16;710.000000;410.000000;710.000000;335.000000;75.000000
41;17;0.000000;810.000000;70.000000;810.000000;70.000000
41;18;10.000000;820.000000;10.000000;790.000000;30.000000
41;19;360.000000;810.000000;370.000000;810.000000;10.000000
41;20;360.000000;810.000000;350.000000;810.000000;10.000000
41;21;360.000000;810.000000;360.000000;800.000000;10.000000
41;22;720.000000;810.000000;650.000000;810.000000;70.000000
41;23;710.000000;820.000000;710.000000;790.000000;30.000000
42;0;0.000000;10.000000;20.000000;10.000000;20.000000
42;1;10.000000;0.000000;10.000000;20.000000;20.000000
42;2;360.000000;10.000000;335.000000;10.000000;25.000000
42;3;360.000000;10.000000;385.000000;10.000000;25.000000
42;4;360.000000;10.000000;360.000000;160.000000;150.000000
42;5;720.000000;10.000000;700.000000;10.000000;20.000000
42;6;710.000000;0.000000;710.000000;20.000000;20.000000
42;7;10.000000;410.000000;20.000000;410.000000;10.000000
42;8;10.000000;410.000000;10.000000;290.000000;120.000000
42;9;10.000000;410.000000;10.000000;530.000000;120.000000
42;10;360.000000;410.000000;505.000000;410.000000;145.000000
42;11;360.000000;410.000000;215.000000;410.000000;145.000000
42;12;360.000000;410.000000;360.000000;420.000000;10.000000
42;13;360.000000;410.000000;360.000000;400.000000;10.000000
42;14;710.000000;410.000000;700.000000;410.000000;10.000000
42;15;710.000000;410.000000;710.000000;530.000000;120.000000
42;16;710.000000;410.000000;710.000000;290.000000;120.000000
42;17;0.000000;810.000000;20.000000;810.000000;20.000000
42;18;10.000000;820.000000;10.000000;800.000000;20.000000
42;19;360.000000;810.000000;385.000000;810.000000;25.000000
42;20;360.000000;810.000000;335.000000;810.000000;25.000000
42;21;360.000000;810.000000;360.000000;660.000000;150.000000
42;22;720.000000;810.000000;700.000000;810.000000;20.000000
42;23;710.000000;820.000000;710.000000;800.000000;20.000000
43;0;0.000000;10.000000;175.000000;10.000000;175.000000
43;1;10.000000;0.000000;10.000000;170.000000;170.000000
43;2;360.000000;10.000000;350.000000;10.000000;10.000000
43;3;360.000000;10.000000;370.000000;10.000000;10.000000
43;4;360.000000;10.000000;360.000000;20.000000;10.000000
43;5;720.000000;10.000000;545.000000;10.000000;175.000000
43;6;710.000000;0.000000;710.000000;170.000000;170.000000
43;7;10.000000;410.000000;20.000000;410.000000;10.000000
43;8;10.000000;410.000000;10.000000;400.000000;10.000000
43;9;10.000000;410.000000;10.000000;420.000000;10.000000
43;10;360.000000;410.000000;525.000000;410.000000;165.000000
43;11;360.000000;410.000000;195.000000;410.000000;165.000000
43;12;360.000000;410.000000;360.000000;420.000000;10.000000
43;13;360.000000;410.000000;360.000000;400.000000;10.000000
43;14;710.000000;410.000000;700.000000;410.000000;10.000000
43;15;710.000000;410.000000;710.000000;420.000000;10.000000
43;16;710.000000;410.000000;710.000000;400.000000;10.000000
43;17;0.000000;810.000000;175.000000;810.000000;175.000000
43;18;10.000000;820.000000;10.000000;650.000000;170.000000
43;19;360.000000;810.000000;370.000000;810.000000;10.000000
43;20;360.000000;810.000000;350.000000;810.000000;10.000000
43;21;360.000000;810.000000;360.000000;800.000000;10.000000
43;22;720.000000;810.000000;545.000000;810.000000;175.000000
43;23;710.000000;820.000000;710.000000;650.000000;170.000000
44;0;0.000000;10.000000;100.000000;10.000000;100.000000
44;1;10.000000;0.000000;10.000000;20.000000;20.000000
44;2;360.000000;10.000000;280.000000;10.000000;80.000000
44;3;360.000000;10.000000;440.000000;10.000000;80.000000
44;4;360.000000;10.000000;360.000000;105.000000;95.000000
44;5;720.000000;10.000000;620.000000;10.000000;100.000000
44;6;710.000000;0.000000;710.000000;20.000000;20.000000
44;7;10.000000;410.000000;110.000000;410.000000;100.000000
44;8;10.000000;410.000000;10.000000;400.000000;10.000000
44;9;10.000000;410.000000;10.000000;420.000000;10.000000
44;10;360.000000;410.000000;370.000000;410.000000;10.000000
44;11;360.000000;410.000000;350.000000;410.000000;10.000000
44;12;360.000000;410.000000;360.000000;500.000000;90.000000
44;13;360.000000;410.000000;360.000000;320.000000;90.000000
44;14;710.000000;410.000000;610.000000;410.000000;100.000000
44;15;710.000000;410.000000;710.000000;420.000000;10.000000
44;16;710.000000;410.000000;710.000000;400.000000;10.000000
44;17;0.000000;810.000000;100.000000;810.000000;100.000000
44;18;10.000000;820.000000;10.000000;800.000000;20.000000
44;19;360.000000;810.000000;440.000000;810.000000;80.000000
44;20;360.000000;810.000000;280.000000;810.000000;80.000000
44;21;360.000000;810.000000;360.000000;715.000000;95.000000
44;22;720.000000;810.000000;620.000000;810.000000;100.000000
44;23;710.000000;820.000000;710.000000;800.000000;20.000000
45;0;0.000000;10.000000;20.000000;10.000000;20.000000
45;1;10.000000;0.000000;10.000000;20.000000;20.000000
45;2;360.000000;10.000000;350.000000;10.000000;10.000000
45;3;360.000000;10.000000;370.000000;10.000000;10.000000
45;4;360.000000;10.000000;360.000000;20.000000;10.000000
45;5;720.000000;10.000000;700.000000;10.000000;20.000000
45;6;710.000000;0.000000;710.000000;20.000000;20.000000
45;7;10.000000;410.000000;20.000000;410.000000;10.000000
45;8;10.000000;410.000000;10.000000;400.000000;10.000000
45;9;10.000000;410.000000;10.000000;420.000000;10.000000
45;10;360.000000;410.000000;370.000000;410.000000;10.000000
45;11;360.000000;410.000000;350.000000;410.000000;10.000000
45;12;360.000000;410.000000;360.000000;495.000000;85.000000
45;13;360.000000;410.000000;360.000000;325.000000;85.000000
45;14;710.000000;410.000000;700.000000;410.000000;10.000000
45;15;710.000000;410.000000;710.000000;420.000000;10.000000
45;16;710.000000;410.000000;710.000000;400.000000;10.000000
45;17;0.000000;810.000000;20.000000;810.000000;20.000000
45;18;10.000000;820.000000;10.000000;800.000000;20.000000
45;19;360.000000;810.000000;370.000000;810.000000;10.000000
45;20;360.000000;810.000000;350.000000;810.000000;10.000000
45;21;360.000000;810.000000;360.000000;800.000000;10.000000
45;22;720.000000;810.000000;700.000000;810.000000;20.000000
45;23;710.000000;820.000000;710.000000;800.000000;20.000000
46;0;0.000000;10.000000;20.000000;10.000000;20.000000
46;1;10.000000;0.000000;10.000000;140.000000;140.000000
46;2;360.000000;10.000000;350.000000;10.000000;10.000000
46;3;360.000000;10.000000;370.000000;10.000000;10.000000
46;4;360.000000;10.000000;360.000000;20.000000;10.000000
46;5;720.000000;10.000000;700.000000;10.000000;20.000000
46;6;710.000000;0.000000;710.000000;140.000000;140.000000
46;7;10.000000;410.000000;20.000000;410.000000;10.000000
46;8;10.000000;410.000000;10.000000;400.000000;10.000000
46;9;10.000000;410.000000;10.000000;420.000000;10.000000
46;10;360.000000;410.000000;520.000000;410.000000;160.000000
46;11;360.000000;410.000000;200.000000;410.000000;160.000000
46;12;360.000000;410.000000;360.000000;505.000000;95.000000
46;13;360.000000;410.000000;360.000000;315.000000;95.000000
46;14;710.000000;410.000000;700.000000;410.000000;10.000000
46;15;710.000000;410.000000;710.000000;420.000000;10.000000
46;16;710.000000;410.000000;710.000000;400.000000;10.000000
46;17;0.000000;810.000000;20.000000;810.000000;20.000000
46;18;10.000000;820.000000;10.000000;680.000000;140.000000
46;19;360.000000;810.000000;370.000000;810.000000;10.000000
46;20;360.000000;810.000000;350.000000;810.000000;10.000000
46;21;360.000000;810.000000;360.000000;800.000000;10.000000
46;22;720.000000;810.000000;700.000000;810.000000;20.000000
46;23;710.000000;820.000000;710.000000;680.000000;140.000000
47;0;0.000000;10.000000;140.000000;10.000000;140.000000
47;1;10.000000;0.000000;10.000000;60.000000;60.000000
47;2;360.000000;10.000000;350.000000;10.000000;10.000000
47;3;360.000000;10.000000;370.000000;10.000000;10.000000
47;4;360.000000;10.000000;360.000000;20.000000;10.000000
47;5;720.000000;10.000000;580.000000;10.000000;140.000000
47;6;710.000000;0.000000;710.000000;60.000000;60.000000
47;7;10.000000;410.000000;20.000000;410.000000;10.000000
47;8;10.000000;410.000000;10.000000;245.000000;165.000000
47;9;10.000000;410.000000;10.000000;575.000000;165.000000
47;10;360.000000;410.000000;465.000000;410.000000;105.000000
47;11;360.000000;410.000000;255.000000;410.000000;105.000000
47;12;360.000000;410.000000;360.000000;420.000000;10.000000
47;13;360.000000;410.000000;360.000000;400.000000;10.000000
47;14;710.000000;410.000000;700.000000;410.000000;10.000000
47;15;710.000000;410.000000;710.000000;575.000000;165.000000
47;16;710.000000;410.000000;710.000000;245.000000;165.000000
47;17;0.000000;810.000000;140.000000;810.000000;140.000000
47;18;10.000000;820.000000;10.000000;760.000000;60.000000
47;19;360.000000;810.000000;370.000000;810.000000;10.000000
47;20;360.000000;810.000000;350.000000;810.000000;10.000000
47;21;360.000000;810.000000;360.000000;800.000000;10.000000
47;22;720.000000;810.000000;580.000000;810.000000;140.000000
47;23;710.000000;820.000000;710.000000;760.000000;60.000000
48;0;0.000000;10.000000;160.000000;10.000000;160.000000
48;1;10.000000;0.000000;10.000000;20.000000;20.000000
48;2;360.000000;10.000000;345.000000;10.000000;15.000000
48;3;360.000000;10.000000;375.000000;10.000000;15.000000
48;4;360.000000;10.000000;360.000000;20.000000;10.000000
48;5;720.000000;10.000000;560.000000;10.000000;160.000000
48;6;710.000000;0.000000;710.000000;20.000000;20.000000
48;7;10.000000;410.000000;20.000000;410.000000;10.000000
48;8;10.000000;410.000000;10.000000;400.000000;10.000000
48;9;10.000000;410.000000;10.000000;420.000000;10.000000
48;10;360.000000;410.000000;390.000000;410.000000;30.000000
48;11;360.000000;410.000000;330.000000;410.000000;30.000000
48;12;360.000000;410.000000;360.000000;575.000000;165.000000
48;13;360.000000;410.000000;360.000000;245.000000;165.000000
48;14;710.000000;410.000000;700.000000;410.000000;10.000000
48;15;710.000000;410.000000;710.000000;420.000000;10.000000
48;16;710.000000;410.000000;710.000000;400.000000;10.000000
48;17;0.000000;810.000000;160.000000;810.000000;160.000000
48;18;10.000000;820.000000;10.000000;800.000000;20.000000
48;19;360.000000;810.000000;375.000000;810.000000;15.000000
48;20;360.000000;810.000000;345.000000;810.000000;15.000000
48;21;360.000000;810.000000;360.000000;800.000000;10.000000
48;22;720.000000;810.000000;560.000000;810.000000;160.000000
48;23;710.000000;820.000000;710.000000;800.000000;20.000000
49;0;0.000000;10.000000;35.000000;10.000000;35.000000
49;1;10.000000;0.000000;10.000000;20.000000;20.000000
49;2;360.000000;10.000000;330.000000;10.000000;30.000000
49;3;360.000000;10.000000;390.000000;10.000000;30.000000
49;4;360.000000;10.000000;360.000000;205.000000;195.000000
49;5;720.000000;10.000000;685.000000;10.000000;35.000000
49;6;710.000000;0.000000;710.000000;20.000000;20.000000
49;7;10.000000;410.000000;20.000000;410.000000;10.000000
49;8;10.000000;410.000000;10.000000;320.000000;90.000000
49;9;10.000000;410.000000;10.000000;500.000000;90.000000
49;10;360.000000;410.000000;505.000000;410.000000;145.000000
49;11;360.000000;410.000000;215.000000;410.000000;145.000000
49;12;360.000000;410.000000;360.000000;420.000000;10.000000
49;13;360.000000;410.000000;360.000000;400.000000;10.000000
49;14;710.000000;410.000000;700.000000;410.000000;10.000000
49;15;710.000000;410.000000;710.000000;500.000000;90.000000
49;16;710.000000;410.000000;710.000000;320.000000;90.000000
49;17;0.000000;810.000000;35.000000;810.000000;35.000000
49;18;10.000000;820.000000;10.000000;800.000000;20.000000
49;19;360.000000;810.000000;390.000000;810.000000;30.000000
49;20;360.000000;810.000000;330.000000;810.000000;30.000000
49;21;360.000000;810.000000;360.000000;615.000000;195.000000
49;22;720.000000;810.000000;685.000000;810.000000;35.000000
49;23;710.000000;820.000000;710.000000;800.000000;20.000000
50;0;0.000000;10.000000;20.000000;10.000000;20.000000
50;1;10.000000;0.000000;10.000000;190.000000;190.000000
50;2;360.000000;10.000000;205.000000;10.000000;155.000000
50;3;360.000000;10.000000;515.000000;10.000000;155.000000
50;4;360.000000;10.000000;360.000000;210.000000;200.000000
50;5;720.000000;10.000000;700.000000;10.000000;20.000000
50;6;710.000000;0.000000;710.000000;190.000000;190.000000
50;7;10.000000;410.000000;20.000000;410.000000;10.000000
50;8;10.000000;410.000000;10.000000;380.000000;30.000000
50;9;10.000000;410.000000;10.000000;440.000000;30.000000
50;10;360.000000;410.000000;370.000000;410.000000;10.000000
50;11;360.000000;410.000000;350.000000;410.000000;10.000000
50;12;360.000000;410.000000;360.000000;420.000000;10.000000
50;13;360.000000;410.000000;360.000000;400.000000;10.000000
50;14;710.000000;410.000000;700.000000;410.000000;10.000000
50;15;710.000000;410.000000;710.000000;440.000000;30.000000
50;16;710.000000;410.000000;710.000000;380.000000;30.000000
50;17;0.000000;810.000000;20.000000;810.000000;20.000000
50;18;10.000000;820.000000;10.000000;630.000000;190.000000
50;19;360.000000;810.000000;515.000000;810.000000;155.000000
50;20;360.000000;810.000000;205.000000;810.000000;155.000000
50;21;360.000000;810.000000;360.000000;610.000000;200.000000
50;22;720.000000;810.000000;700.000000;810.000000;20.000000
50;23;710.000000;820.000000;710.000000;630.000000;190.000000
51;0;0.000000;10.000000;20.000000;10.000000;20.000000
51;1;10.000000;0.000000;10.000000;20.000000;20.000000
51;2;360.000000;10.000000;350.000000;10.000000;10.000000
51;3;360.000000;10.000000;370.000000;10.000000;10.000000
51;4;360.000000;10.000000;360.000000;20.000000;10.000000
51;5;720.000000;10.000000;700.000000;10.000000;20.000000
51;6;710.000000;0.000000;710.000000;20.000000;20.000000
51;7;10.000000;410.000000;20.000000;410.000000;10.000000
51;8;10.000000;410.000000;10.000000;400.000000;10.000000
51;9;10.000000;410.000000;10.000000;420.000000;10.000000
51;10;360.000000;410.000000;370.000000;410.000000;10.000000
51;11;360.000000;410.000000;350.000000;410.000000;10.000000
51;12;360.000000;410.000000;360.000000;475.000000;65.000000
51;13;360.000000;410.000000;360.000000;345.000000;65.000000
51;14;710.000000;410.000000;700.000000;410.000000;10.000000
51;15;710.000000;410.000000;710.000000;420.000000;10.000000
51;16;710.000000;410.000000;710.000000;400.000000;10.000000
51;17;0.000000;810.000000;20.000000;810.000000;20.000000
51;18;10.000000;820.000000;10.000000;800.000000;20.000000
51;19;360.000000;810.000000;370.000000;810.000000;10.000000
51;20;360.000000;810.000000;350.000000;810.000000;10.000000
51;21;360.000000;810.000000;360.000000;800.000000;10.000000
51;22;720.000000;810.000000;700.000000;810.000000;20.000000
51;23;710.000000;820.000000;710.000000;800.000000;20.000000
52;0;0.000000;10.000000;20.000000;10.000000;20.000000
52;1;10.000000;0.000000;10.000000;20.000000;20.000000
52;2;360.000000;10.000000;350.000000;10.000000;10.000000
52;3;360.000000;10.000000;370.000000;10.000000;10.000000
52;4;360.000000;10.000000;360.000000;20.000000;10.000000
52;5;720.000000;10.000000;700.000000;10.000000;20.000000
52;6;710.000000;0.000000;710.000000;20.000000;20.000000
52;7;10.000000;410.000000;20.000000;410.000000;10.000000
52;8;10.000000;410.000000;10.000000;400.000000;10.000000
52;9;10.000000;410.000000;10.000000;420.000000;10.000000
52;10;360.000000;410.000000;500.000000;410.000000;140.000000
52;11;360.000000;410.000000;220.000000;410.000000;140.000000
52;12;360.000000;410.000000;360.000000;420.000000;10.000000
52;13;360.000000;410.000000;360.000000;400.000000;10.000000
52;14;710.000000;410.000000;700.000000;410.000000;10.000000
52;15;710.000000;410.000000;710.000000;420.000000;10.000000
52;16;710.000000;410.000000;710.000000;400.000000;10.000000
52;17;0.000000;810.000000;20.000000;810.000000;20.000000
52;18;10.000000;820.000000;10.000000;800.000000;20.000000
52;19;360.000000;810.000000;370.000000;810.000000;10.000000
52;20;360.000000;810.000000;350.000000;810.000000;10.000000
52;21;360.000000;810.000000;360.000000;800.000000;10.000000
52;22;720.000000;810.000000;700.000000;810.000000;20.000000
52;23;710.000000;820.000000;710.000000;800.000000;20.000000
53;0;0.000000;10.000000;20.000000;10.000000;20.000000
53;1;10.000000;0.000000;10.000000;20.000000;20.000000
53;2;360.000000;10.000000;335.000000;10.000000;25.000000
53;3;360.000000;10.000000;385.000000;10.000000;25.000000
53;4;360.000000;10.000000;360.000000;20.000000;10.000000
53;5;720.000000;10.000000;700.000000;10.000000;20.000000
53;6;710.000000;0.000000;710.000000;20.000000;20.000000
53;7;10.000000;410.000000;20.000000;410.000000;10.000000
53;8;10.000000;410.000000;10.000000;400.000000;10.000000
53;9;10.000000;410.000000;10.000000;420.000000;10.000000
53;10;360.000000;410.000000;445.000000;410.000000;85.000000
53;11;360.000000;410.000000;275.000000;410.000000;85.000000
53;12;360.000000;410.000000;360.000000;420.000000;10.000000
53;13;360.000000;410.000000;360.000000;400.000000;10.000000
53;14;710.000000;410.000000;700.000000;410.000000;10.000000
53;15;710.000000;410.000000;710.000000;420.000000;10.000000
53;16;710.000000;410.000000;710.000000;400.000000;10.000000
53;17;0.000000;810.000000;20.000000;810.000000;20.000000
53;18;10.000000;820.000000;10.000000;800.000000;20.000000
53;19;360.000000;810.000000;385.000000;810.000000;25.000000
53;20;360.000000;810.000000;335.000000;810.000000;25.000000
53;21;360.000000;810.000000;360.000000;800.000000;10.000000
53;22;720.000000;810.000000;700.000000;810.000000;20.000000
53;23;710.000000;820.000000;710.000000;800.000000;20.000000
54;0;0.000000;10.000000;20.000000;10.000000;20.000000
54;1;10.000000;0.000000;10.000000;20.000000;20.000000
54;2;360.000000;10.000000;350.000000;10.000000;10.000000
54;3;360.000000;10.000000;370.000000;10.000000;10.000000
54;4;360.000000;10.000000;360.000000;20.000000;10.000000
54;5;720.000000;10.000000;700.000000;10.000000;20.000000
54;6;710.000000;0.000000;710.000000;20.000000;20.000000
54;7;10.000000;410.000000;20.000000;410.000000;10.000000
54;8;10.000000;410.000000;10.000000;385.000000;25.000000
54;9;10.000000;410.000000;10.000000;435.000000;25.000000
54;10;360.000000;410.000000;370.000000;410.000000;10.000000
54;11;360.000000;410.000000;350.000000;410.000000;10.000000
54;12;360.000000;410.000000;360.000000;590.000000;180.000000
54;13;360.000000;410.000000;360.000000;230.000000;180.000000
54;14;710.000000;410.000000;700.000000;410.000000;10.000000
54;15;710.000000;410.000000;710.000000;435.000000;25.000000
54;16;710.000000;410.000000;710.000000;385.000000;25.000000
54;17;0.000000;810.000000;20.000000;810.000000;20.000000
54;18;10.000000;820.000000;10.000000;800.000000;20.000000
54;19;360.000000;810.000000;370.000000;810.000000;10.000000
54;20;360.000000;810.000000;350.000000;810.000000;10.000000
54;21;360.000000;810.000000;360.000000;800.000000;10.000000
54;22;720.000000;810.000000;700.000000;810.000000;20.000000
54;23;710.000000;820.000000;710.000000;800.000000;20.000000
55;0;0.000000;10.000000;20.000000;10.000000;20.000000
55;1;10.000000;0.000000;10.000000;180.000000;180.000000
55;2;360.000000;10.000000;220.000000;10.000000;140.000000
55;3;360.000000;10.000000;500.000000;10.000000;140.000000
55;4;360.000000;10.000000;360.000000;20.000000;10.000000
55;5;720.000000;10.000000;700.000000;10.000000;20.000000
55;6;710.000000;0.000000;710.000000;180.000000;180.000000
55;7;10.000000;410.000000;20.000000;410.000000;10.000000
55;8;10.000000;410.000000;10.000000;400.000000;10.000000
55;9;10.000000;410.000000;10.000000;420.000000;10.000000
55;10;360.000000;410.000000;475.000000;410.000000;115.000000
55;11;360.000000;410.000000;245.000000;410.000000;115.000000
55;12;360.000000;410.000000;360.000000;550.000000;140.000000
55;13;360.000000;410.000000;360.000000;270.000000;140.000000
55;14;710.000000;410.000000;700.000000;410.000000;10.000000
55;15;710.000000;410.000000;710.000000;420.000000;10.000000
55;16;710.000000;410.000000;710.000000;400.000000;10.000000
55;17;0.000000;810.000000;20.000000;810.000000;20.000000
55;18;10.000000;820.000000;10.000000;640.000000;180.000000
55;19;360.000000;810.000000;500.000000;810.000000;140.000000
55;20;360.000000;810.000000;220.000000;810.000000;140.000000
55;21;360.000000;810.000000;360.000000;800.000000;10.000000
55;22;720.000000;810.000000;700.000000;810.000000;20.000000
55;23;710.000000;820.000000;710.000000;640.000000;180.000000
56;0;0.000000;10.000000;65.000000;10.000000;65.000000
56;1;10.000000;0.000000;10.000000;20.000000;20.000000
56;2;360.000000;10.000000;350.000000;10.000000;10.000000
56;3;360.000000;10.000000;370.000000;10.000000;10.000000
56;4;360.000000;10.000000;360.000000;20.000000;10.000000
56;5;720.000000;10.000000;655.000000;10.000000;65.000000
56;6;710.000000;0.000000;710.000000;20.000000;20.000000
56;7;10.000000;410.000000;20.000000;410.000000;10.000000
56;8;10.000000;410.000000;10.000000;320.000000;90.000000
56;9;10.000000;410.000000;10.000000;500.000000;90.000000
56;10;360.000000;410.000000;370.000000;410.000000;10.000000
56;11;360.000000;410.000000;350.000000;410.000000;10.000000
56;12;360.000000;410.000000;360.000000;425.000000;15.000000
56;13;360.000000;410.000000;360.000000;395.000000;15.000000
56;14;710.000000;410.000000;700.000000;410.000000;10.000000
56;15;710.000000;410.000000;710.000000;500.000000;90.000000
56;16;710.000000;410.000000;710.000000;320.000000;90.000000
56;17;0.000000;810.000000;65.000000;810.000000;65.000000
56;18;10.000000;820.000000;10.000000;800.000000;20.000000
56;19;360.000000;810.000000;370.000000;810.000000;10.000000
56;20;360.000000;810.000000;350.000000;810.000000;10.000000
56;21;360.000000;810.000000;360.000000;800.000000;10.000000
56;22;720.000000;810.000000;655.000000;810.000000;65.000000
56;23;710.000000;820.000000;710.000000;800.000000;20.000000
57;0;0.000000;10.000000;20.000000;10.000000;20.000000
57;1;10.000000;0.000000;10.000000;60.000000;60.000000
57;2;360.000000;10.000000;350.000000;10.000000;10.000000
57;3;360.000000;10.000000;370.000000;10.000000;10.000000
57;4;360.000000;10.000000;360.000000;70.000000;60.000000
57;5;720.000000;10.000000;700.000000;10.000000;20.000000
57;6;710.000000;0.000000;710.000000;60.000000;60.000000
57;7;10.000000;410.000000;20.000000;410.000000;10.000000
57;8;10.000000;410.000000;10.000000;400.000000;10.000000
57;9;10.000000;410.000000;10.000000;420.000000;10.000000
57;10;360.000000;410.000000;370.000000;410.000000;10.000000
57;11;360.000000;410.000000;350.000000;410.000000;10.000000
57;12;360.000000;410.000000;360.000000;575.000000;165.000000
57;13;360.000000;410.000000;360.000000;245.000000;165.000000
57;14;710.000000;410.000000;700.000000;410.000000;10.000000
57;15;710.000000;410.000000;710.000000;420.000000;10.000000
57;16;710.000000;410.000000;710.000000;400.000000;10.000000
57;17;0.000000;810.000000;20.000000;810.000000;20.000000
57;18;10.000000;820.000000;10.000000;760.000000;60.000000
57;19;360.000000;810.000000;370.000000;810.000000;10.000000
57;20;360.000000;810.000000;350.000000;810.000000;10.000000
57;21;360.000000;810.000000;360.000000;750.000000;60.000000
57;22;720.000000;810.000000;700.000000;810.000000;20.000000
57;23;710.000000;820.000000;710.000000;760.000000;60.000000
58;0;0.000000;10.000000;20.000000;10.000000;20.000000
58;1;10.000000;0.000000;10.000000;200.000000;200.000000
58;2;360.000000;10.000000;285.000000;10.000000;75.000000
58;3;360.000000;10.000000;435.000000;10.000000;75.000000
58;4;360.000000;10.000000;360.000000;20.000000;10.000000
58;5;720.000000;10.000000;700.000000;10.000000;20.000000
58;6;710.000000;0.000000;710.000000;200.000000;200.000000
58;7;10.000000;410.000000;20.000000;410.000000;10.000000
58;8;10.000000;410.000000;10.000000;400.000000;10.000000
58;9;10.000000;410.000000;10.000000;420.000000;10.000000
58;10;360.000000;410.000000;370.000000;410.000000;10.000000
58;11;360.000000;410.000000;350.000000;410.000000;10.000000
58;12;360.000000;410.000000;360.000000;555.000000;145.000000
58;13;360.000000;410.000000;360.000000;265.000000;145.000000
58;14;710.000000;410.000000;700.000000;410.000000;10.000000
58;15;710.000000;410.000000;710.000000;420.000000;10.000000
58;16;710.000000;410.000000;710.000000;400.000000;10.000000
58;17;0.000000;810.000000;20.000000;810.000000;20.000000
58;18;10.000000;820.000000;10.000000;620.000000;200.000000
58;19;360.000000;810.000000;435.000000;810.000000;75.000000
58;20;360.000000;810.000000;285.000000;810.000000;75.000000
58;21;360.000000;810.000000;360.000000;800.000000;10.000000
58;22;720.000000;810.000000;700.000000;810.000000;20.000000
58;23;710.000000;820.000000;710.000000;620.000000;200.000000
59;0;0.000000;10.000000;20.000000;10.000000;20.000000
59;1;10.000000;0.000000;10.000000;20.000000;20.000000
59;2;360.000000;10.000000;225.000000;10.000000;135.000000
59;3;360.000000;10.000000;495.000000;10.000000;135.000000
59;4;360.000000;10.000000;360.000000;20.000000;10.000000
59;5;720.000000;10.000000;700.000000;10.000000;20.000000
59;6;710.000000;0.000000;710.000000;20.000000;20.000000
59;7;10.000000;410.000000;85.000000;410.000000;75.000000
59;8;10.000000;410.000000;10.000000;400.000000;10.000000
59;9;10.000000;410.000000;10.000000;420.000000;10.000000
59;10;360.000000;410.000000;495.000000;410.000000;135.000000
59;11;360.000000;410.000000;225.000000;410.000000;135.000000
59;12;360.000000;410.000000;360.000000;555.000000;145.000000
59;13;360.000000;410.000000;360.000000;265.000000;145.000000
59;14;710.000000;410.000000;635.000000;410.000000;75.000000
59;15;710.000000;410.000000;710.000000;420.000000;10.000000
59;16;710.000000;410.000000;710.000000;400.000000;10.000000
59;17;0.000000;810.000000;20.000000;810.000000;20.000000
59;18;10.000000;820.000000;10.000000;800.000000;20.000000
59;19;360.000000;810.000000;495.000000;810.000000;135.000000
59;20;360.000000;810.000000;225.000000;810.000000;135.000000
59;21;360.000000;810.000000;360.000000;800.000000;10.000000
59;22;720.000000;810.000000;700.000000;810.000000;20.000000
59;23;710.000000;820.000000;710.000000;800.000000;20.000000
60;0;0.000000;10.000000;140.000000;10.000000;140.000000
60;1;10.000000;0.000000;10.000000;20.000000;20.000000
60;2;360.000000;10.000000;350.000000;10.000000;10.000000
60;3;360.000000;10.000000;370.000000;10.000000;10.000000
60;4;360.000000;10.000000;360.000000;70.000000;60.000000
60;5;720.000000;10.000000;580.000000;10.000000;140.000000
60;6;710.000000;0.000000;710.000000;20.000000;20.000000
60;7;10.000000;410.000000;20.000000;410.000000;10.000000
60;8;10.000000;410.000000;10.000000;235.000000;175.000000
60;9;10.000000;410.000000;10.000000;585.000000;175.000000
60;10;360.000000;410.000000;370.000000;410.000000;10.000000
60;11;360.000000;410.000000;350.000000;410.000000;10.000000
60;12;360.000000;410.000000;360.000000;455.000000;45.000000
60;13;360.000000;410.000000;360.000000;365.000000;45.000000
60;14;710.000000;410.000000;700.000000;410.000000;10.000000
60;15;710.000000;410.000000;710.000000;585.000000;175.000000
60;16;710.000000;410.000000;710.000000;235.000000;175.000000
60;17;0.000000;810.000000;140.000000;810.000000;140.000000
60;18;10.000000;820.000000;10.000000;800.000000;20.000000
60;19;360.000000;810.000000;370.000000;810.000000;10.000000
60;20;360.000000;810.000000;350.000000;810.000000;10.000000
60;21;360.000000;810.000000;360.000000;750.000000;60.000000
60;22;720.000000;810.000000;580.000000;810.000000;140.000000
60;23;710.000000;820.000000;710.000000;800.000000;20.000000
61;0;0.000000;10.000000;20.000000;10.000000;20.000000
61;1;10.000000;0.000000;10.000000;20.000000;20.000000
61;2;360.000000;10.000000;350.000000;10.000000;10.000000
61;3;360.000000;10.000000;370.000000;10.000000;10.000000
61;4;360.000000;10.000000;360.000000;20.000000;10.000000
61;5;720.000000;10.000000;700.000000;10.000000;20.000000
61;6;710.000000;0.000000;710.000000;20.000000;20.000000
61;7;10.000000;410.000000;20.000000;410.000000;10.000000
61;8;10.000000;410.000000;10.000000;400.000000;10.000000
61;9;10.000000;410.000000;10.000000;420.000000;10.000000
61;10;360.000000;410.000000;370.000000;410.000000;10.000000
61;11;360.000000;410.000000;350.000000;410.000000;10.000000
61;12;360.000000;410.000000;360.000000;575.000000;165.000000
61;13;360.000000;410.000000;360.000000;245.000000;165.000000
61;14;710.000000;410.000000;700.000000;410.000000;10.000000
61;15;710.000000;410.000000;710.000000;420.000000;10.000000
61;16;710.000000;410.000000;710.000000;400.000000;10.000000
61;17;0.000000;810.000000;20.000000;810.000000;20.000000
61;18;10.000000;820.000000;10.000000;800.000000;20.000000
61;19;360.000000;810.000000;370.000000;810.000000;10.000000
61;20;360.000000;810.000000;350.000000;810.000000;10.000000
61;21;360.000000;810.000000;360.000000;800.000000;10.000000
61;22;720.000000;810.000000;700.000000;810.000000;20.000000
61;23;710.000000;820.000000;710.000000;800.000000;20.000000
62;0;0.000000;10.000000;20.000000;10.000000;20.000000
62;1;10.000000;0.000000;10.000000;150.000000;150.000000
62;2;360.000000;10.000000;350.000000;10.000000;10.000000
62;3;360.000000;10.000000;370.000000;10.000000;10.000000
62;4;360.000000;10.000000;360.000000;20.000000;10.000000
62;5;720.000000;10.000000;700.000000;10.000000;20.000000
62;6;710.000000;0.000000;710.000000;150.000000;150.000000
62;7;10.000000;410.000000;20.000000;410.000000;10.000000
62;8;10.000000;410.000000;10.000000;400.000000;10.000000
62;9;10.000000;410.000000;10.000000;420.000000;10.000000
62;10;360.000000;410.000000;475.000000;410.000000;115.000000
62;11;360.000000;410.000000;245.000000;410.000000;115.000000
62;12;360.000000;410.000000;360.000000;420.000000;10.000000
62;13;360.000000;410.000000;360.000000;400.000000;10.000000
62;14;710.000000;410.000000;700.000000;410.000000;10.000000
62;15;710.000000;410.000000;710.000000;420.000000;10.000000
62;16;710.000000;410.000000;710.000000;400.000000;10.000000
62;17;0.000000;810.000000;20.000000;810.000000;20.000000
62;18;10.000000;820.000000;10.000000;670.000000;150.000000
62;19;360.000000;810.000000;370.000000;810.000000;10.000000
62;20;360.000000;810.000000;350.000000;810.000000;10.000000
62;21;360.000000;810.000000;360.000000;800.000000;10.000000
62;22;720.000000;810.000000;700.000000;810.000000;20.000000
62;23;710.000000;820.000000;710.000000;670.000000;150.000000
63;0;0.000000;10.000000;125.000000;10.000000;125.000000
63;1;10.000000;0.000000;10.000000;20.000000;20.000000
63;2;360.000000;10.000000;295.000000;10.000000;65.000000
63;3;360.000000;10.000000;425.000000;10.000000;65.000000
63;4;360.000000;10.000000;360.000000;20.000000;10.000000
63;5;720.000000;10.000000;595.000000;10.000000;125.000000
63;6;710.000000;0.000000;710.000000;20.000000;20.000000
63;7;10.000000;410.000000;20.000000;410.000000;10.000000
63;8;10.000000;410.000000;10.000000;380.000000;30.000000
63;9;10.000000;410.000000;10.000000;440.000000;30.000000
63;10;360.000000;410.000000;490.000000;410.000000;130.000000
63;11;360.000000;410.000000;230.000000;410.000000;130.000000
63;12;360.000000;410.000000;360.000000;420.000000;10.000000
63;13;360.000000;410.000000;360.000000;400.000000;10.000000
63;14;710.000000;410.000000;700.000000;410.000000;10.000000
63;15;710.000000;410.000000;710.000000;440.000000;30.000000
63;16;710.000000;410.000000;710.000000;380.000000;30.000000
63;17;0.000000;810.000000;125.000000;810.000000;125.000000
63;18;10.000000;820.000000;10.000000;800.000000;20.000000
63;19;360.000000;810.000000;425.000000;810.000000;65.000000
63;20;360.000000;810.000000;295.000000;810.000000;65.000000
63;21;360.000000;810.000000;360.000000;800.000000;10.000000
63;22;720.000000;810.000000;595.000000;810.000000;125.000000
63;23;710.000000;820.000000;710.000000;800.000000;20.000000
64;0;0.000000;10.000000;125.000000;10.000000;125.000000
64;1;10.000000;0.000000;10.000000;105.000000;105.000000
64;2;360.000000;10.000000;350.000000;10.000000;10.000000
64;3;360.000000;10.000000;370.000000;10.000000;10.000000
64;4;360.000000;10.000000;360.000000;20.000000;10.000000
64;5;720.000000;10.000000;595.000000;10.000000;125.000000
64;6;710.000000;0.000000;710.000000;105.000000;105.000000
64;7;10.000000;410.000000;20.000000;410.000000;10.000000
64;8;10.000000;410.000000;10.000000;225.000000;185.000000
64;9;10.000000;410.000000;10.000000;595.000000;185.000000
64;10;360.000000;410.000000;515.000000;410.000000;155.000000
64;11;360.000000;410.000000;205.000000;410.000000;155.000000
64;12;360.000000;410.000000;360.000000;420.000000;10.000000
64;13;360.000000;410.000000;360.000000;400.000000;10.000000
64;14;710.000000;410.000000;700.000000;410.000000;10.000000
64;15;710.000000;410.000000;710.000000;595.000000;185.000000
64;16;710.000000;410.000000;710.000000;225.000000;185.000000
64;17;0.000000;810.000000;125.000000;810.000000;125.000000
64;18;10.000000;820.000000;10.000000;715.000000;105.000000
64;19;360.000000;810.000000;370.000000;810.000000;10.000000
64;20;360.000000;810.000000;350.000000;810.000000;10.000000
64;21;360.000000;810.000000;360.000000;800.000000;10.000000
64;22;720.000000;810.000000;595.000000;810.000000;125.000000
64;23;710.000000;820.000000;710.000000;715.000000;105.000000
65;0;0.000000;10.000000;20.000000;10.000000;20.000000
65;1;10.000000;0.000000;10.000000;160.000000;160.000000
65;2;360.000000;10.000000;350.000000;10.000000;10.000000
65;3;360.000000;10.000000;370.000000;10.000000;10.000000
65;4;360.000000;10.000000;360.000000;20.000000;10.000000
65;5;720.000000;10.000000;700.000000;10.000000;20.000000
65;6;710.000000;0.000000;710.000000;160.000000;160.000000
65;7;10.000000;410.000000;145.000000;410.000000;135.000000
65;8;10.000000;410.000000;10.000000;400.000000;10.000000
65;9;10.000000;410.000000;10.000000;420.000000;10.000000
65;10;360.000000;410.000000;495.000000;410.000000;135.000000
65;11;360.000000;410.000000;225.000000;410.000000;135.000000
65;12;360.000000;410.000000;360.000000;420.000000;10.000000
65;13;360.000000;410.000000;360.000000;400.000000;10.000000
65;14;710.000000;410.000000;575.000000;410.000000;135.000000
65;15;710.000000;410.000000;710.000000;420.000000;10.000000
65;16;710.000000;410.000000;710.000000;400.000000;10.000000
65;17;0.000000;810.000000;20.000000;810.000000;20.000000
65;18;10.000000;820.000000;10.000000;660.000000;160.000000
65;19;360.000000;810.000000;370.000000;810.000000;10.000000
65;20;360.000000;810.000000;350.000000;810.000000;10.000000
65;21;360.000000;810.000000;360.000000;800.000000;10.000000
65;22;720.000000;810.000000;700.000000;810.000000;20.000000
65;23;710.000000;820.000000;710.000000;660.000000;160.000000
66;0;0.000000;10.000000;20.000000;10.000000;20.000000
66;1;10.000000;0.000000;10.000000;20.000000;20.000000
66;2;360.000000;10.000000;220.000000;10.000000;140.000000
66;3;360.000000;10.000000;500.000000;10.000000;140.000000
66;4;360.000000;10.000000;360.000000;205.000000;195.000000
66;5;720.000000;10.000000;700.000000;10.000000;20.000000
66;6;710.000000;0.000000;710.000000;20.000000;20.000000
66;7;10.000000;410.000000;20.000000;410.000000;10.000000
66;8;10.000000;410.000000;10.000000;400.000000;10.000000
66;9;10.000000;410.000000;10.000000;420.000000;10.000000
66;10;360.000000;410.000000;370.000000;410.000000;10.000000
66;11;360.000000;410.000000;350.000000;410.000000;10.000000
66;12;360.000000;410.000000;360.000000;420.000000;10.000000
66;13;360.000000;410.000000;360.000000;400.000000;10.000000
66;14;710.000000;410.000000;700.000000;410.000000;10.000000
66;15;710.000000;410.000000;710.000000;420.000000;10.000000
66;16;710.000000;410.000000;710.000000;400.000000;10.000000
66;17;0.000000;810.000000;20.000000;810.000000;20.000000
66;18;10.000000;820.000000;10.000000;800.000000;20.000000
66;19;360.000000;810.000000;500.000000;810.000000;140.000000
66;20;360.000000;810.000000;220.000000;810.000000;140.000000
66;21;360.000000;810.000000;360.000000;615.000000;195.000000
66;22;720.000000;810.000000;700.000000;810.000000;20.000000
66;23;710.000000;820.000000;710.000000;800.000000;20.000000
67;0;0.000000;10.000000;20.000000;10.000000;20.000000
67;1;10.000000;0.000000;10.000000;20.000000;20.000000
67;2;360.000000;10.000000;350.000000;10.000000;10.000000
67;3;360.000000;10.000000;370.000000;10.000000;10.000000
67;4;360.000000;10.000000;360.000000;20.000000;10.000000
67;5;720.000000;10.000000;700.000000;10.000000;20.000000
67;6;710.000000;0.000000;710.000000;20.000000;20.000000
67;7;10.000000;410.000000;20.000000;410.000000;10.000000
67;8;10.000000;410.000000;10.000000;400.000000;10.000000
67;9;10.000000;410.000000;10.000000;420.000000;10.000000
67;10;360.000000;410.000000;515.000000;410.000000;155.000000
67;11;360.000000;410.000000;205.000000;410.000000;155.000000
67;12;360.000000;410.000000;360.000000;540.000000;130.000000
67;13;360.000000;410.000000;360.000000;280.000000;130.000000
67;14;710.000000;410.000000;700.000000;410.000000;10.000000
67;15;710.000000;410.000000;710.000000;420.000000;10.000000
67;16;710.000000;410.000000;710.000000;400.000000;10.000000
67;17;0.000000;810.000000;20.000000;810.000000;20.000000
67;18;10.000000;820.000000;10.000000;800.000000;20.000000
67;19;360.000000;810.000000;370.000000;810.000000;10.000000
67;20;360.000000;810.000000;350.000000;810.000000;10.000000
67;21;360.000000;810.000000;360.000000;800.000000;10.000000
67;22;720.000000;810.000000;700.000000;810.000000;20.000000
67;23;710.000000;820.000000;710.000000;800.000000;20.000000
68;0;0.000000;10.000000;20.000000;10.000000;20.000000
68;1;10.000000;0.000000;10.000000;175.000000;175.000000
68;2;360.000000;10.000000;350.000000;10.000000;10.000000
68;3;360.000000;10.000000;370.000000;10.000000;10.000000
68;4;360.000000;10.000000;360.000000;130.000000;120.000000
68;5;720.000000;10.000000;700.000000;10.000000;20.000000
68;6;710.000000;0.000000;710.000000;175.000000;175.000000
68;7;10.000000;410.000000;20.000000;410.000000;10.000000
68;8;10.000000;410.000000;10.000000;400.000000;10.000000
68;9;10.000000;410.000000;10.000000;420.000000;10.000000
68;10;360.000000;410.000000;445.000000;410.000000;85.000000
68;11;360.000000;410.000000;275.000000;410.000000;85.000000
68;12;360.000000;410.000000;360.000000;420.000000;10.000000
68;13;360.000000;410.000000;360.000000;400.000000;10.000000
68;14;710.000000;410.000000;700.000000;410.000000;10.000000
68;15;710.000000;410.000000;710.000000;420.000000;10.000000
68;16;710.000000;410.000000;710.000000;400.000000;10.000000
68;17;0.000000;810.000000;20.000000;810.000000;20.000000
68;18;10.000000;820.000000;10.000000;645.000000;175.000000
68;19;360.000000;810.000000;370.000000;810.000000;10.000000
68;20;360.000000;810.000000;350.000000;810.000000;10.000000
68;21;360.000000;810.000000;360.000000;690.000000;120.000000
68;22;720.000000;810.000000;700.000000;810.000000;20.000000
68;23;710.000000;820.000000;710.000000;645.000000;175.000000
69;0;0.000000;10.000000;20.000000;10.000000;20.000000
69;1;10.000000;0.000000;10.000000;20.000000;20.000000
69;2;360.000000;10.000000;350.000000;10.000000;10.000000
69;3;360.000000;10.000000;370.000000;10.000000;10.000000
69;4;360.000000;10.000000;360.000000;20.000000;10.000000
69;5;720.000000;10.000000;700.000000;10.000000;20.000000
69;6;710.000000;0.000000;710.000000;20.000000;20.000000
69;7;10.000000;410.000000;150.000000;410.000000;140.000000
69;8;10.000000;410.000000;10.000000;225.000000;185.000000
69;9;10.000000;410.000000;10.000000;595.000000;185.000000
69;10;360.000000;410.000000;490.000000;410.000000;130.000000
69;11;360.000000;410.000000;230.000000;410.000000;130.000000
69;12;360.000000;410.000000;360.000000;420.000000;10.000000
69;13;360.000000;410.000000;360.000000;400.000000;10.000000
69;14;710.000000;410.000000;570.000000;410.000000;140.000000
69;15;710.000000;410.000000;710.000000;595.000000;185.000000
69;16;710.000000;410.000000;710.000000;225.000000;185.000000
69;17;0.000000;810.000000;20.000000;810.000000;20.000000
69;18;10.000000;820.000000;10.000000;800.000000;20.000000
69;19;360.000000;810.000000;370.000000;810.000000;10.000000
69;20;360.000000;810.000000;350.000000;810.000000;10.000000
69;21;360.000000;810.000000;360.000000;800.000000;10.000000
69;22;720.000000;810.000000;700.000000;810.000000;20.000000
69;23;710.000000;820.000000;710.000000;800.000000;20.000000
70;0;0.000000;10.000000;120.000000;10.000000;120.000000
70;1;10.000000;0.000000;10.000000;45.000000;45.000000
70;2;360.000000;10.000000;350.000000;10.000000;10.000000
70;3;360.000000;10.000000;370.000000;10.000000;10.000000
70;4;360.000000;10.000000;360.000000;20.000000;10.000000
70;5;720.000000;10.000000;600.000000;10.000000;120.000000
70;6;710.000000;0.000000;710.000000;45.000000;45.000000
70;7;10.000000;410.000000;20.000000;410.000000;10.000000
70;8;10.000000;410.000000;10.000000;400.000000;10.000000
70;9;10.000000;410.000000;10.000000;420.000000;10.000000
70;10;360.000000;410.000000;385.000000;410.000000;25.000000
70;11;360.000000;410.000000;335.000000;410.000000;25.000000
70;12;360.000000;410.000000;360.000000;420.000000;10.000000
70;13;360.000000;410.000000;360.000000;400.000000;10.000000
70;14;710.000000;410.000000;700.000000;410.000000;10.000000
70;15;710.000000;410.000000;710.000000;420.000000;10.000000
70;16;710.000000;410.000000;710.000000;400.000000;10.000000
70;17;0.000000;810.000000;120.000000;810.000000;120.000000
70;18;10.000000;820.000000;10.000000;775.000000;45.000000
70;19;360.000000;810.000000;370.000000;810.000000;10.000000
70;20;360.000000;810.000000;350.000000;810.000000;10.000000
70;21;360.000000;810.000000;360.000000;800.000000;10.000000
70;22;720.000000;810.000000;600.000000;810.000000;120.000000
70;23;710.000000;820.000000;710.000000;775.000000;45.000000
71;0;0.000000;10.000000;100.000000;10.000000;100.000000
71;1;10.000000;0.000000;10.000000;100.000000;100.000000
71;2;360.000000;10.000000;350.000000;10.000000;10.000000
71;3;360.000000;10.000000;370.000000;10.000000;10.000000
71;4;360.000000;10.000000;360.000000;170.000000;160.000000
71;5;720.000000;10.000000;620.000000;10.000000;100.000000
71;6;710.000000;0.000000;710.000000;100.000000;100.000000
71;7;10.000000;410.000000;155.000000;410.000000;145.000000
71;8;10.000000;410.000000;10.000000;400.000000;10.000000
71;9;10.000000;410.000000;10.000000;420.000000;10.000000
71;10;360.000000;410.000000;370.000000;410.000000;10.000000
71;11;360.000000;410.000000;350.000000;410.000000;10.000000
71;12;360.000000;410.000000;360.000000;420.000000;10.000000
71;13;360.000000;410.000000;360.000000;400.000000;10.000000
71;14;710.000000;410.000000;565.000000;410.000000;145.000000
71;15;710.000000;410.000000;710.000000;420.000000;10.000000
71;16;710.000000;410.000000;710.000000;400.000000;10.000000
71;17;0.000000;810.000000;100.000000;810.000000;100.000000
71;18;10.000000;820.000000;10.000000;720.000000;100.000000
71;19;360.000000;810.000000;370.000000;810.000000;10.000000
71;20;360.000000;810.000000;350.000000;810.000000;10.000000
71;21;360.000000;810.000000;360.000000;650.000000;160.000000
71;22;720.000000;810.000000;620.000000;810.000000;100.000000
71;23;710.000000;820.000000;710.000000;720.000000;100.000000
72;0;0.000000;10.000000;20.000000;10.000000;20.000000
72;1;10.000000;0.000000;10.000000;130.000000;130.000000
72;2;360.000000;10.000000;305.000000;10.000000;55.000000
72;3;360.000000;10.000000;415.000000;10.000000;55.000000
72;4;360.000000;10.000000;360.000000;20.000000;10.000000
72;5;720.000000;10.000000;700.000000;10.000000;20.000000
72;6;710.000000;0.000000;710.000000;130.000000;130.000000
72;7;10.000000;410.000000;90.000000;410.000000;80.000000
72;8;10.000000;410.000000;10.000000;400.000000;10.000000
72;9;10.000000;410.000000;10.000000;420.000000;10.000000
72;10;360.000000;410.000000;370.000000;410.000000;10.000000
72;11;360.000000;410.000000;350.000000;410.000000;10.000000
72;12;360.000000;410.000000;360.000000;470.000000;60.000000
72;13;360.000000;410.000000;360.000000;350.000000;60.000000
72;14;710.000000;410.000000;630.000000;410.000000;80.000000
72;15;710.000000;410.000000;710.000000;420.000000;10.000000
72;16;710.000000;410.000000;710.000000;400.000000;10.000000
72;17;0.000000;810.000000;20.000000;810.000000;20.000000
72;18;10.000000;820.000000;10.000000;690.000000;130.000000
72;19;360.000000;810.000000;415.000000;810.000000;55.000000
72;20;360.000000;810.000000;305.000000;810.000000;55.000000
72;21;360.000000;810.000000;360.000000;800.000000;10.000000
72;22;720.000000;810.000000;700.000000;810.000000;20.000000
72;23;710.000000;820.000000;710.000000;690.000000;130.000000
73;0;0.000000;10.000000;20.000000;10.000000;20.000000
73;1;10.000000;0.000000;10.000000;20.000000;20.000000
73;2;360.000000;10.000000;300.000000;10.000000;60.000000
73;3;360.000000;10.000000;420.000000;10.000000;60.000000
73;4;360.000000;10.000000;360.000000;20.000000;10.000000
73;5;720.000000;10.000000;700.000000;10.000000;20.000000
73;6;710.000000;0.000000;710.000000;20.000000;20.000000
73;7;10.000000;410.000000;20.000000;410.000000;10.000000
73;8;10.000000;410.000000;10.000000;400.000000;10.000000
73;9;10.000000;410.000000;10.000000;420.000000;10.000000
73;10;360.000000;410.000000;380.000000;410.000000;20.000000
73;11;360.000000;410.000000;340.000000;410.000000;20.000000
73;12;360.000000;410.000000;360.000000;535.000000;125.000000
73;13;360.000000;410.000000;360.000000;285.000000;125.000000
73;14;710.000000;410.000000;700.000000;410.000000;10.000000
73;15;710.000000;410.000000;710.000000;420.000000;10.000000
73;16;710.000000;410.000000;710.000000;400.000000;10.000000
73;17;0.000000;810.000000;20.000000;810.000000;20.000000
73;18;10.000000;820.000000;10.000000;800.000000;20.000000
73;19;360.000000;810.000000;420.000000;810.000000;60.000000
73;20;360.000000;810.000000;300.000000;810.000000;60.000000
73;21;360.000000;810.000000;360.000000;800.000000;10.000000
73;22;720.000000;810.000000;700.000000;810.000000;20.000000
73;23;710.000000;820.000000;710.000000;800.000000;20.000000
74;0;0.000000;10.000000;20.000000;10.000000;20.000000
74;1;10.000000;0.000000;10.000000;185.000000;185.000000
74;2;360.000000;10.000000;335.000000;10.000000;25.000000
74;3;360.000000;10.000000;385.000000;10.000000;25.000000
74;4;360.000000;10.000000;360.000000;20.000000;10.000000
74;5;720.000000;10.000000;700.000000;10.000000;20.000000
74;6;710.000000;0.000000;710.000000;185.000000;185.000000
74;7;10.000000;410.000000;20.000000;410.000000;10.000000
74;8;10.000000;410.000000;10.000000;400.000000;10.000000
74;9;10.000000;410.000000;10.000000;420.000000;10.000000
74;10;360.000000;410.000000;380.000000;410.000000;20.000000
74;11;360.000000;410.000000;340.000000;410.000000;20.000000
74;12;360.000000;410.000000;360.000000;575.000000;165.000000
74;13;360.000000;410.000000;360.000000;245.000000;165.000000
74;14;710.000000;410.000000;700.000000;410.000000;10.000000
74;15;710.000000;410.000000;710.000000;420.000000;10.000000
74;16;710.000000;410.000000;710.000000;400.000000;10.000000
74;17;0.000000;810.000000;20.000000;810.000000;20.000000
74;18;10.000000;820.000000;10.000000;635.000000;185.000000
74;19;360.000000;810.000000;385.000000;810.000000;25.000000
74;20;360.000000;810.000000;335.000000;810.000000;25.000000
74;21;360.000000;810.000000;360.000000;800.000000;10.000000
74;22;720.000000;810.000000;700.000000;810.000000;20.000000
74;23;710.000000;820.000000;710.000000;635.000000;185.000000
